code,description,merge_explanation,original_code,quote,source
Ability to Ask Questions,The user desires the option to ask questions during information sessions for clarity.,,"[""Ability to Ask Questions""]","[{""text"": ""[{\""text\"": \""Perhaps the ability to ask you the question.\"", \""source\"": \""8_R24FG_HF_Individual_GNV_initial_codes.csv\""}]"", ""source"": ""8_R24FG_HF_Individual_GNV_initial_codes.csv""}]",8_R24FG_HF_Individual_GNV_initial_codes.csv
Access to Medical Records,The aim to have easy access to personal medical records for better health management.,,"[""Access to Medical Records""]","[{""text"": ""[{\""text\"": \""People's you know, their test results and their medical records.\"", \""source\"": \""9_R24FG_WF_Individual_GNV_initial_codes.csv\""}]"", ""source"": ""9_R24FG_WF_Individual_GNV_initial_codes.csv""}]",9_R24FG_WF_Individual_GNV_initial_codes.csv
Accessibility of Information,"Users want information to be easily accessible and understandable, especially in a health context.",,"[""Accessibility of Information""]","[{""text"": ""[{\""text\"": \""I can't actually read anything on there, except 'Pretend this doc is Qs to ask about,' which is annoying.\"", \""source\"": \""7_R24FG_HF_Group_GNV_initial_codes.csv\""}]"", ""source"": ""7_R24FG_HF_Group_GNV_initial_codes.csv""}]",7_R24FG_HF_Group_GNV_initial_codes.csv
Addressing Practical Difficulties,"Participants express concerns about the logistical challenges of attending clinical trials, especially related to mobility and scheduling.",,"[""Addressing Practical Difficulties""]","[{""text"": ""[{\""text\"": \""Sometimes it's difficult to make appointments depending upon when they are.\"", \""source\"": \""5_R24FG_HM_Group_GNV_initial_codes.csv\""}]"", ""source"": ""5_R24FG_HM_Group_GNV_initial_codes.csv""}]",5_R24FG_HM_Group_GNV_initial_codes.csv
Addressing Privacy Concerns,Users are aware of privacy issues but generally trust their healthcare providers to handle their information responsibly.,,"[""Addressing Privacy Concerns""]","[{""text"": ""[{\""text\"": \""I trust it is as best as I can trust my doctor's office.\"", \""source\"": \""14_R24FG_WF_Group_GNV_initial_codes.csv\""}]"", ""source"": ""14_R24FG_WF_Group_GNV_initial_codes.csv""}]",14_R24FG_WF_Group_GNV_initial_codes.csv
Advocacy for Diverse Representation,The interviewees emphasize the importance of diverse representation in educational and health materials to engage a wider audience.,"These codes were merged due to their shared focus on the necessity of diverse representation in both educational and health contexts, highlighting a common advocacy theme.","[""Desire for Representation"", ""Desire for Diverse Representation""]","[{""text"": ""[{\""text\"": \""It may not hurt to have like, have we discussed transgender and stuff like that.\"", \""source\"": \""14_R24FG_WF_Group_GNV_initial_codes.csv\""}, {\""text\"": \""The left, the ones on the left, they could be more appealing to a variety of backgrounds.\"", \""source\"": \""6_R24FG_HF_Group_Mayo_initial_codes.csv\""}]"", ""source"": ""14_R24FG_WF_Group_GNV_initial_codes.csv, 6_R24FG_HF_Group_Mayo_initial_codes.csv""}]","14_R24FG_WF_Group_GNV_initial_codes.csv, 6_R24FG_HF_Group_Mayo_initial_codes.csv"
Articulation and Tone,Users prefer clear articulation and an engaging tone from the avatar.,,"[""Articulation and Tone""]","[{""text"": ""[{\""text\"": \""You got to have something behind it, or you\\u2019re going, I\\u2019m not going to listen to it.\"", \""source\"": \""17_R24FG_WM_Group_Villages_initial_codes.csv\""}]"", ""source"": ""17_R24FG_WM_Group_Villages_initial_codes.csv""}]",17_R24FG_WM_Group_Villages_initial_codes.csv
Assess Risks and Benefits,Participants want to evaluate the potential risks and benefits before joining a study.,,"[""Assess Risks and Benefits""]","[{""text"": ""[{\""text\"": \""If I was going to be ingesting medication as part of the study, then I would definitely want to be sitting down with a medical professional.\"", \""source\"": \""17_R24FG_WM_Group_Villages_initial_codes.csv\""}]"", ""source"": ""17_R24FG_WM_Group_Villages_initial_codes.csv""}]",17_R24FG_WM_Group_Villages_initial_codes.csv
Avoid Misinformation,Participants are cautious about misinformation and seek reliable sources.,,"[""Avoid Misinformation""]","[{""text"": ""[{\""text\"": \""We live in a time where misinformation, disinformation, flat out lies are just everywhere.\"", \""source\"": \""17_R24FG_WM_Group_Villages_initial_codes.csv\""}]"", ""source"": ""17_R24FG_WM_Group_Villages_initial_codes.csv""}]",17_R24FG_WM_Group_Villages_initial_codes.csv
Avoiding Redundant Information,Users want to avoid redundancy in information presented on the website to enhance clarity.,,"[""Avoiding Redundant Information""]","[{""text"": ""[{\""text\"": \""It\\u2019s duplicating what you have at the top anyways, it's just saying that--\"", \""source\"": \""3_R24FG_CF_Group_Villages_initial_codes.csv\""}]"", ""source"": ""3_R24FG_CF_Group_Villages_initial_codes.csv""}]",3_R24FG_CF_Group_Villages_initial_codes.csv
Awareness of Clinical Trials,"Participants seek more information about how and where to learn about clinical trials, indicating a gap in outreach.",,"[""Awareness of Clinical Trials"", ""Awareness of Clinical Trials""]","[{""text"": ""[{\""text\"": \""I never know one, if you're not really sick or anything they don't really outreach for people to, to me if they do, they're not doing it enough.\"", \""source\"": \""1_R24FG_BF_Group_UF_initial_codes.csv\""}]"", ""source"": ""1_R24FG_BF_Group_UF_initial_codes.csv""}, {""text"": ""[{\""text\"": \""This was a great tool... if it was played on the monitors, you know, in the waiting rooms, in the clinics.\"", \""source\"": \""11_R24FG_HM_Individual_GNV_initial_codes.csv\""}]"", ""source"": ""11_R24FG_HM_Individual_GNV_initial_codes.csv""}]","1_R24FG_BF_Group_UF_initial_codes.csv, 11_R24FG_HM_Individual_GNV_initial_codes.csv"
Awareness of Treatment Options,The goal of being informed about various treatment options available for health conditions.,,"[""Awareness of Treatment Options""]","[{""text"": ""[{\""text\"": \""They're doing the immunotherapy, they're doing the hemoglobin.\"", \""source\"": \""9_R24FG_WF_Individual_GNV_initial_codes.csv\""}]"", ""source"": ""9_R24FG_WF_Individual_GNV_initial_codes.csv""}]",9_R24FG_WF_Individual_GNV_initial_codes.csv
Clarification of Roles,Participants want clarity on the roles of avatars and the nature of interactions.,,"[""Clarification of Roles""]","[{""text"": ""[{\""text\"": \""I want to know, what's Alex? Is that a person? Is that a bot?\"", \""source\"": \""17_R24FG_WM_Group_Villages_initial_codes.csv\""}]"", ""source"": ""17_R24FG_WM_Group_Villages_initial_codes.csv""}]",17_R24FG_WM_Group_Villages_initial_codes.csv
Clarify Avatar Identity,Users want clear identification of the avatar's role to enhance understanding and engagement.,,"[""Clarify Avatar Identity""]","[{""text"": ""[{\""text\"": \""I think just what he says, if you took a second to say, 'I am your virtual, you know, Alex,' then all of that would pretty much be mute.\"", \""source\"": \""17_R24FG_WM_Group_Villages_initial_codes.csv\""}]"", ""source"": ""17_R24FG_WM_Group_Villages_initial_codes.csv""}]",17_R24FG_WM_Group_Villages_initial_codes.csv
Clarify Research Study Types,Users want to understand the different types of research studies available and their purposes.,,"[""Clarify Research Study Types""]","[{""text"": ""[{\""text\"": \""I think it would have been nice to get rid of a human because I would have preferred just the voice without any human.\"", \""source\"": \""3_R24FG_CF_Group_Villages_initial_codes.csv\""}]"", ""source"": ""3_R24FG_CF_Group_Villages_initial_codes.csv""}]",3_R24FG_CF_Group_Villages_initial_codes.csv
Clarifying Eligibility,Participants seek clarity on eligibility requirements for research studies to determine their participation.,,"[""Clarifying Eligibility""]","[{""text"": ""[{\""text\"": \""Every study has specific requirements in order to enroll, such as age, sex or type of disease.\"", \""source\"": \""13_R24FG_HM_Group_FIU_initial_codes.csv\""}]"", ""source"": ""13_R24FG_HM_Group_FIU_initial_codes.csv""}]",13_R24FG_HM_Group_FIU_initial_codes.csv
Clarity in Consent,Users seek clear explanations regarding consent and their rights in research studies.,,"[""Clarity in Consent""]","[{""text"": ""[{\""text\"": \""He explained what is the consent. He explained my rights.\"", \""source\"": \""7_R24FG_HF_Group_GNV_initial_codes.csv\""}]"", ""source"": ""7_R24FG_HF_Group_GNV_initial_codes.csv""}]",7_R24FG_HF_Group_GNV_initial_codes.csv
Clarity in Healthcare Communication,"Participants emphasize the need for clear, straightforward communication from healthcare providers about clinical trials to enhance understanding.","These codes were merged due to their shared focus on the necessity for clear and comprehensible communication regarding clinical trials, highlighting participants' desire to avoid confusion.","[""Desire for Clear Communication"", ""Need for Clarity in Communication"", ""Importance of Clear Communication"", ""Desire for Clarity in Communication""]","[{""text"": ""[{\""text\"": \""I would certainly call and talk to the doctor.\"", \""source\"": \""5_R24FG_HM_Group_GNV_initial_codes.csv\""}, {\""text\"": \""It just was in the one thing. It didn't really suggest other questions you might ask your doctor.\"", \""source\"": \""15_R24FG_WF_Individual_GNV_initial_codes.csv\""}, {\""text\"": \""He wasn't, you know, using a lot of medical terms that... can be scary for people.\"", \""source\"": \""14_R24FG_WF_Group_GNV_initial_codes.csv\""}, {\""text\"": \""I always double check. Like, of course, like with [hospital name] like, it's in the portal.\"", \""source\"": \""6_R24FG_HF_Group_Mayo_initial_codes.csv\""}]"", ""source"": ""5_R24FG_HM_Group_GNV_initial_codes.csv, 15_R24FG_WF_Individual_GNV_initial_codes.csv, 14_R24FG_WF_Group_GNV_initial_codes.csv, 6_R24FG_HF_Group_Mayo_initial_codes.csv""}]","5_R24FG_HM_Group_GNV_initial_codes.csv, 15_R24FG_WF_Individual_GNV_initial_codes.csv, 14_R24FG_WF_Group_GNV_initial_codes.csv, 6_R24FG_HF_Group_Mayo_initial_codes.csv"
Clarity in Terminology,Users require clear definitions and explanations of terms used in the interface.,,"[""Clarity in Terminology""]","[{""text"": ""[{\""text\"": \""A little confused by the word, 'Next.'\"", \""source\"": \""17_R24FG_WM_Group_Villages_initial_codes.csv\""}]"", ""source"": ""17_R24FG_WM_Group_Villages_initial_codes.csv""}]",17_R24FG_WM_Group_Villages_initial_codes.csv
Clear Communication in Healthcare,Participants emphasize the necessity of clear and effective communication with healthcare providers regarding clinical trials and overall care.,"These codes were merged due to their shared focus on the importance of clear communication between participants and healthcare providers, highlighting the need for transparency and understanding in clinical settings.","[""Need for Clear Communication"", ""Importance of Communication"", ""Desire for Clear Communication"", ""Streamlined Communication""]","[{""text"": ""[{\""text\"": \""I think it would be good if they would suggest that you go through a trial.\"", \""source\"": \""16_R24FG_WF_Individual_GNV_initial_codes.csv\""}, {\""text\"": \""Sometimes what impacts is the communication, mostly with the study coordinator.\"", \""source\"": \""7_R24FG_HF_Group_GNV_initial_codes.csv\""}, {\""text\"": \""It was very clear and to-the-point.\"", \""source\"": \""13_R24FG_HM_Group_FIU_initial_codes.csv\""}, {\""text\"": \""If you've got it written down, you know, you'll bring it up and talk about it.\"", \""source\"": \""9_R24FG_WF_Individual_GNV_initial_codes.csv\""}, {\""text\"": \""You\\u2019re kind of at the mercy of one specialist whether they actually send the information to the primary care physician.\"", \""source\"": \""17_R24FG_WM_Group_Villages_initial_codes.csv\""}]"", ""source"": ""16_R24FG_WF_Individual_GNV_initial_codes.csv, 7_R24FG_HF_Group_GNV_initial_codes.csv, 13_R24FG_HM_Group_FIU_initial_codes.csv, 9_R24FG_WF_Individual_GNV_initial_codes.csv, 17_R24FG_WM_Group_Villages_initial_codes.csv""}]","16_R24FG_WF_Individual_GNV_initial_codes.csv, 7_R24FG_HF_Group_GNV_initial_codes.csv, 13_R24FG_HM_Group_FIU_initial_codes.csv, 9_R24FG_WF_Individual_GNV_initial_codes.csv, 17_R24FG_WM_Group_Villages_initial_codes.csv"
Clear Purpose,Users want a clear understanding of the purpose of the tool and how it relates to their needs.,,"[""Clear Purpose""]","[{""text"": ""[{\""text\"": \""I thought this was an example. I thought maybe you were going to have a series and this one was specific to cancer.\"", \""source\"": \""7_R24FG_HF_Group_GNV_initial_codes.csv\""}]"", ""source"": ""7_R24FG_HF_Group_GNV_initial_codes.csv""}]",7_R24FG_HF_Group_GNV_initial_codes.csv
Clear Question Guidelines,Users seek a clear set of questions to ask their doctors or research teams to facilitate better communication.,,"[""Clear Question Guidelines""]","[{""text"": ""[{\""text\"": \""Sometimes you just didn't know what to ask them. That wasn\\u2019t too doctor-related.\"", \""source\"": \""3_R24FG_CF_Group_Villages_initial_codes.csv\""}]"", ""source"": ""3_R24FG_CF_Group_Villages_initial_codes.csv""}]",3_R24FG_CF_Group_Villages_initial_codes.csv
Closed Captioning Consistency,Users want consistent closed captioning options across all videos for better accessibility.,,"[""Closed Captioning Consistency""]","[{""text"": ""[{\""text\"": \""I think we need consistency in that... I think something to say, 'turn it on or turn it off.'\"", \""source\"": \""3_R24FG_CF_Group_Villages_initial_codes.csv\""}]"", ""source"": ""3_R24FG_CF_Group_Villages_initial_codes.csv""}]",3_R24FG_CF_Group_Villages_initial_codes.csv
Comfort with Technology,The goal is to become more comfortable using technology for managing health information and appointments.,,"[""Comfort with Technology""]","[{""text"": ""[{\""text\"": \""I'm getting a little bit better... it's more convenient than having to drive somewhere.\"", \""source\"": \""2_R24FG_BF_Individual_GNV_initial_codes.csv\""}]"", ""source"": ""2_R24FG_BF_Individual_GNV_initial_codes.csv""}]",2_R24FG_BF_Individual_GNV_initial_codes.csv
Comfort with Virtual Assistance,The user feels comfortable using virtual tools for health management but acknowledges limitations.,,"[""Comfort with Virtual Assistance""]","[{""text"": ""[{\""text\"": \""I think if I'm not in a hurry, online appointments work good.\"", \""source\"": \""15_R24FG_WF_Individual_GNV_initial_codes.csv\""}]"", ""source"": ""15_R24FG_WF_Individual_GNV_initial_codes.csv""}]",15_R24FG_WF_Individual_GNV_initial_codes.csv
Comfortable Recommendations to Others,The intention and comfort level in recommending clinical trials and health resources to friends and family.,These codes were merged because they both focus on the willingness and comfort of individuals in recommending health-related resources to their social circles.,"[""Recommendation to Others"", ""Comfort with Recommendations""]","[{""text"": ""[{\""text\"": \""I do it all the time.\"", \""source\"": \""11_R24FG_HM_Individual_GNV_initial_codes.csv\""}, {\""text\"": \""Yes, I would be comfortable recommending this resource to a member of my family.\"", \""source\"": \""2_R24FG_BF_Individual_GNV_initial_codes.csv\""}]"", ""source"": ""11_R24FG_HM_Individual_GNV_initial_codes.csv, 2_R24FG_BF_Individual_GNV_initial_codes.csv""}]","11_R24FG_HM_Individual_GNV_initial_codes.csv, 2_R24FG_BF_Individual_GNV_initial_codes.csv"
Compensation for Participation,Participants express that compensation for time and travel can be a motivating factor for considering participation in clinical trials.,,"[""Compensation for Participation""]","[{""text"": ""[{\""text\"": \""That gets people attention. That\\u2019s all it is to it.\"", \""source\"": \""1_R24FG_BF_Group_UF_initial_codes.csv\""}]"", ""source"": ""1_R24FG_BF_Group_UF_initial_codes.csv""}]",1_R24FG_BF_Group_UF_initial_codes.csv
Comprehensive Health Monitoring,The aim to ensure that all health issues are monitored closely to prevent any oversights.,,"[""Comprehensive Health Monitoring""]","[{""text"": ""[{\""text\"": \""There's going to be a lot less it's going to fall through the cracks.\"", \""source\"": \""9_R24FG_WF_Individual_GNV_initial_codes.csv\""}]"", ""source"": ""9_R24FG_WF_Individual_GNV_initial_codes.csv""}]",9_R24FG_WF_Individual_GNV_initial_codes.csv
Comprehensive Resource Development,Users desire a more robust system that covers various specialties beyond oncology for a broader healthcare resource.,,"[""Comprehensive Resource Development""]","[{""text"": ""[{\""text\"": \""I'd like to see y'all completely fill out, you know, make this into a robust system with more than just oncology.\"", \""source\"": \""14_R24FG_WF_Group_GNV_initial_codes.csv\""}]"", ""source"": ""14_R24FG_WF_Group_GNV_initial_codes.csv""}]",14_R24FG_WF_Group_GNV_initial_codes.csv
Concern About Data Privacy,"The user is worried about their medical records being misused for marketing or scams, despite not fearing data leaks.",,"[""Concern About Data Privacy""]","[{""text"": ""[{\""text\"": \""I'm concerned about all kinds of people using my medical records to flood me with emails and text messages.\"", \""source\"": \""5_R24FG_HM_Group_GNV_initial_codes.csv\""}]"", ""source"": ""5_R24FG_HM_Group_GNV_initial_codes.csv""}]",5_R24FG_HM_Group_GNV_initial_codes.csv
Concerns About AI Limitations,Participants express concerns about the limitations of AI in conveying trust and confidence.,,"[""Concerns About AI Limitations""]","[{""text"": ""[{\""text\"": \""I get trapped in that and then I don't pay attention to the rest.\"", \""source\"": \""6_R24FG_HF_Group_Mayo_initial_codes.csv\""}]"", ""source"": ""6_R24FG_HF_Group_Mayo_initial_codes.csv""}]",6_R24FG_HF_Group_Mayo_initial_codes.csv
Concerns About Additional Medication,The participant is hesitant about participating in trials that may require additional medications.,,"[""Concerns About Additional Medication""]","[{""text"": ""[{\""text\"": \""I don't want to have to take a lot of medicine of some kind.\"", \""source\"": \""16_R24FG_WF_Individual_GNV_initial_codes.csv\""}]"", ""source"": ""16_R24FG_WF_Individual_GNV_initial_codes.csv""}]",16_R24FG_WF_Individual_GNV_initial_codes.csv
Concerns About Adverse Reactions,Users express concerns about potential negative side effects from participating in clinical trials.,,"[""Concerns About Adverse Reactions""]","[{""text"": ""[{\""text\"": \""Sometimes a clinical trial might have an adverse reaction.\"", \""source\"": \""4_R24FG_CF_Group_Villages_initial_codes.csv\""}]"", ""source"": ""4_R24FG_CF_Group_Villages_initial_codes.csv""}]",4_R24FG_CF_Group_Villages_initial_codes.csv
Concerns About Distracting Information,Participants express concerns about distractions in informational materials that hinder understanding.,,"[""Concerns About Distracting Information""]","[{""text"": ""[{\""text\"": \""The background drawing was distracting.\"", \""source\"": \""5_R24FG_HM_Group_GNV_initial_codes.csv\""}]"", ""source"": ""5_R24FG_HM_Group_GNV_initial_codes.csv""}]",5_R24FG_HM_Group_GNV_initial_codes.csv
Concerns About Eligibility,"Participants express reservations about being placed in control groups during trials, affecting their willingness to participate.",,"[""Concerns About Eligibility""]","[{""text"": ""[{\""text\"": \""I wouldn't want to be in the group that didn't get it.\"", \""source\"": \""5_R24FG_HM_Group_GNV_initial_codes.csv\""}]"", ""source"": ""5_R24FG_HM_Group_GNV_initial_codes.csv""}]",5_R24FG_HM_Group_GNV_initial_codes.csv
Concerns About Historical Context,"Participants reflect on the historical context of clinical trials, particularly regarding racial disparities and ethical concerns.",,"[""Concerns About Historical Context""]","[{""text"": ""[{\""text\"": \""We just got to the point where they're feeling less afraid, you know, cause they still go back to the Tuskegee experiments.\"", \""source\"": \""1_R24FG_BF_Group_UF_initial_codes.csv\""}]"", ""source"": ""1_R24FG_BF_Group_UF_initial_codes.csv""}]",1_R24FG_BF_Group_UF_initial_codes.csv
Concerns About Length of Information,"The user finds lengthy information sessions tedious and prefers concise, focused content.",,"[""Concerns About Length of Information""]","[{""text"": ""[{\""text\"": \""I actually probably thought they were a little too long.\"", \""source\"": \""15_R24FG_WF_Individual_GNV_initial_codes.csv\""}]"", ""source"": ""15_R24FG_WF_Individual_GNV_initial_codes.csv""}]",15_R24FG_WF_Individual_GNV_initial_codes.csv
Concerns About Online Health Management,Participants express discomfort with managing personal health information online due to privacy concerns.,,"[""Concerns About Online Health Management""]","[{""text"": ""[{\""text\"": \""I don't prefer that my stuff is out on the internet that way.\"", \""source\"": \""1_R24FG_BF_Group_UF_initial_codes.csv\""}]"", ""source"": ""1_R24FG_BF_Group_UF_initial_codes.csv""}]",1_R24FG_BF_Group_UF_initial_codes.csv
Concerns About Pharmaceutical Companies,Participants express skepticism towards information from pharmaceutical companies due to profit motives.,,"[""Concerns About Pharmaceutical Companies""]","[{""text"": ""[{\""text\"": \""I prefer my doctor, a renowned hospital, or university, but not from pharmaceutical companies.\"", \""source\"": \""6_R24FG_HF_Group_Mayo_initial_codes.csv\""}]"", ""source"": ""6_R24FG_HF_Group_Mayo_initial_codes.csv""}]",6_R24FG_HF_Group_Mayo_initial_codes.csv
Concerns About Privacy,Participants express concerns about privacy when it comes to sharing personal health information for trials.,,"[""Concerns About Privacy"", ""Concerns About Privacy""]","[{""text"": ""[{\""text\"": \""Some are very big on privacy, and if this is something that you just basically have done for everyone, it might be an issue.\"", \""source\"": \""4_R24FG_CF_Group_Villages_initial_codes.csv\""}]"", ""source"": ""4_R24FG_CF_Group_Villages_initial_codes.csv""}, {""text"": ""[{\""text\"": \""I'm still a little sketchy about putting credit card information and stuff on there.\"", \""source\"": \""2_R24FG_BF_Individual_GNV_initial_codes.csv\""}]"", ""source"": ""2_R24FG_BF_Individual_GNV_initial_codes.csv""}]","2_R24FG_BF_Individual_GNV_initial_codes.csv, 4_R24FG_CF_Group_Villages_initial_codes.csv"
Concerns About Randomization,The user acknowledges fears surrounding the concept of randomization in clinical trials.,,"[""Concerns About Randomization""]","[{""text"": ""[{\""text\"": \""I guess people might be afraid of the word 'randomization.'\"", \""source\"": \""9_R24FG_WF_Individual_GNV_initial_codes.csv\""}]"", ""source"": ""9_R24FG_WF_Individual_GNV_initial_codes.csv""}]",9_R24FG_WF_Individual_GNV_initial_codes.csv
Concerns About Recruitment Processes,"The user raises questions about the recruitment process for studies, indicating a desire for transparency.",,"[""Concerns About Recruitment Processes""]","[{""text"": ""[{\""text\"": \""How many people did you send this notice to?\"", \""source\"": \""5_R24FG_HM_Group_GNV_initial_codes.csv\""}]"", ""source"": ""5_R24FG_HM_Group_GNV_initial_codes.csv""}]",5_R24FG_HM_Group_GNV_initial_codes.csv
Concerns About Risks,"The interviewee highlights concerns about the risks associated with participating in clinical trials, indicating a cautious approach.",,"[""Concerns About Risks""]","[{""text"": ""[{\""text\"": \""Biggest one would be what the risks are.\"", \""source\"": \""14_R24FG_WF_Group_GNV_initial_codes.csv\""}]"", ""source"": ""14_R24FG_WF_Group_GNV_initial_codes.csv""}]",14_R24FG_WF_Group_GNV_initial_codes.csv
Concerns About Spam,The participant is wary of receiving excessive communication regarding research opportunities.,,"[""Concerns About Spam""]","[{""text"": ""[{\""text\"": \""The negative side would be that I might get, I might end getting hundreds of emails asking me to participate.\"", \""source\"": \""12_R24FG_HM_Individual_GNV_initial_codes.csv\""}]"", ""source"": ""12_R24FG_HM_Individual_GNV_initial_codes.csv""}]",12_R24FG_HM_Individual_GNV_initial_codes.csv
Concerns About Translation Quality,Users express concerns about the quality of translations and the need for accurate communication.,,"[""Concerns About Translation Quality""]","[{""text"": ""[{\""text\"": \""You got to be very careful with who you are using to make these translations.\"", \""source\"": \""6_R24FG_HF_Group_Mayo_initial_codes.csv\""}]"", ""source"": ""6_R24FG_HF_Group_Mayo_initial_codes.csv""}]",6_R24FG_HF_Group_Mayo_initial_codes.csv
Concerns About Vaccine Trials,Participants express concerns about participating in vaccine-related trials due to potential side effects.,,"[""Concerns About Vaccine Trials""]","[{""text"": ""[{\""text\"": \""I think I have now psoriatic arthritis, which has been really painful. So, I not sure I would participate in one with a vaccine study again.\"", \""source\"": \""4_R24FG_CF_Group_Villages_initial_codes.csv\""}]"", ""source"": ""4_R24FG_CF_Group_Villages_initial_codes.csv""}]",4_R24FG_CF_Group_Villages_initial_codes.csv
Concerns about Pain in Trials,"Participants express apprehension about experiencing pain during clinical trials, influencing their willingness to participate.",,"[""Concerns about Pain in Trials""]","[{""text"": ""[{\""text\"": \""I would say I'm very anti-pain in clinical research trials.\"", \""source\"": \""7_R24FG_HF_Group_GNV_initial_codes.csv\""}]"", ""source"": ""7_R24FG_HF_Group_GNV_initial_codes.csv""}]",7_R24FG_HF_Group_GNV_initial_codes.csv
Concise Information,"Users prefer information that is direct and to the point, avoiding redundancy and unnecessary details.",,"[""Concise Information""]","[{""text"": ""[{\""text\"": \""If it's just for cancer research people, like do you have to say cancer six thousand times? It just seems redundant.\"", \""source\"": \""7_R24FG_HF_Group_GNV_initial_codes.csv\""}]"", ""source"": ""7_R24FG_HF_Group_GNV_initial_codes.csv""}]",7_R24FG_HF_Group_GNV_initial_codes.csv
Concise and Clear Information Delivery,"Users prefer brief, clear information to enhance understanding and engagement in health-related topics.","These codes were merged because they all emphasize the importance of delivering information in a concise and clear manner, which is crucial for user engagement and comprehension.","[""Shorter Information Sessions"", ""Seek Clarity in Information"", ""Evaluating Health Resources""]","[{""text"": ""[{\""text\"": \""It's long... maybe a couple slides shorter.\"", \""source\"": \""8_R24FG_HF_Individual_GNV_initial_codes.csv\""}, {\""text\"": \""It just didn\\u2019t, it just chopped too much.\"", \""source\"": \""3_R24FG_CF_Group_Villages_initial_codes.csv\""}, {\""text\"": \""It\\u2019s a very intelligent way of conveying the information.\"", \""source\"": \""10_R24FG_HM_Individual_GNV_initial_codes.csv\""}]"", ""source"": ""8_R24FG_HF_Individual_GNV_initial_codes.csv, 3_R24FG_CF_Group_Villages_initial_codes.csv, 10_R24FG_HM_Individual_GNV_initial_codes.csv""}]","8_R24FG_HF_Individual_GNV_initial_codes.csv, 3_R24FG_CF_Group_Villages_initial_codes.csv, 10_R24FG_HM_Individual_GNV_initial_codes.csv"
Confusion from Medical Opinions,Participants experience confusion due to conflicting medical opinions from different doctors.,,"[""Confusion from Medical Opinions""]","[{""text"": ""[{\""text\"": \""So for me, it\\u2019s hard to trust all the doctors.\"", \""source\"": \""5_R24FG_HM_Group_GNV_initial_codes.csv\""}]"", ""source"": ""5_R24FG_HM_Group_GNV_initial_codes.csv""}]",5_R24FG_HM_Group_GNV_initial_codes.csv
Consistent Website Design,Users desire a consistent design across the website to enhance usability and navigation.,,"[""Consistent Website Design""]","[{""text"": ""[{\""text\"": \""I think just the continuity going from each section, it flowing better, not being so choppy.\"", \""source\"": \""3_R24FG_CF_Group_Villages_initial_codes.csv\""}]"", ""source"": ""3_R24FG_CF_Group_Villages_initial_codes.csv""}]",3_R24FG_CF_Group_Villages_initial_codes.csv
Continuity of Care,"Users aim for seamless healthcare experiences across different systems, ensuring their medical history is accessible and consistent.",,"[""Continuity of Care""]","[{""text"": ""[{\""text\"": \""That's the biggest reason I like it because if you go between systems, you have continuity of care with these electronic systems.\"", \""source\"": \""14_R24FG_WF_Group_GNV_initial_codes.csv\""}]"", ""source"": ""14_R24FG_WF_Group_GNV_initial_codes.csv""}]",14_R24FG_WF_Group_GNV_initial_codes.csv
Convenience in Scheduling,Users desire easier access to scheduling appointments with their doctors for discussions about clinical trials.,,"[""Convenience in Scheduling""]","[{""text"": ""[{\""text\"": \""It would make it very much easier for me.\"", \""source\"": \""4_R24FG_CF_Group_Villages_initial_codes.csv\""}]"", ""source"": ""4_R24FG_CF_Group_Villages_initial_codes.csv""}]",4_R24FG_CF_Group_Villages_initial_codes.csv
Convenience of Participation,The user prefers participation in trials that fit their schedule and personal convenience.,,"[""Convenience of Participation"", ""Convenience of Participation""]","[{""text"": ""[{\""text\"": \""If it could be done on my own, at my own time.\"", \""source\"": \""8_R24FG_HF_Individual_GNV_initial_codes.csv\""}]"", ""source"": ""8_R24FG_HF_Individual_GNV_initial_codes.csv""}, {""text"": ""[{\""text\"": \""Things that impact your day-to-day convenience, travel, things along those lines would be important to you.\"", \""source\"": \""12_R24FG_HM_Individual_GNV_initial_codes.csv\""}]"", ""source"": ""12_R24FG_HM_Individual_GNV_initial_codes.csv""}]","12_R24FG_HM_Individual_GNV_initial_codes.csv, 8_R24FG_HF_Individual_GNV_initial_codes.csv"
Convenient Prescription Management,"Users want the ability to manage prescriptions easily, including requesting refills without needing to call during office hours.",,"[""Convenient Prescription Management""]","[{""text"": ""[{\""text\"": \""I can just send a message to my doctor's office... that I need a refill, and I don't have to remember it to call in the next day.\"", \""source\"": \""14_R24FG_WF_Group_GNV_initial_codes.csv\""}]"", ""source"": ""14_R24FG_WF_Group_GNV_initial_codes.csv""}]",14_R24FG_WF_Group_GNV_initial_codes.csv
Coping with Health Crises,"The need to manage stress and anxiety during serious health situations, such as terminal illness.",,"[""Coping with Health Crises""]","[{""text"": ""[{\""text\"": \""Being in end stage cancer is... a dramatic crisis.\"", \""source\"": \""10_R24FG_HM_Individual_GNV_initial_codes.csv\""}]"", ""source"": ""10_R24FG_HM_Individual_GNV_initial_codes.csv""}]",10_R24FG_HM_Individual_GNV_initial_codes.csv
Curiosity About Health,The desire to learn more about health and wellness through various channels.,,"[""Curiosity About Health""]","[{""text"": ""[{\""text\"": \""You don't go to the doctor and say, 'Hey, test my taste buds.'\"", \""source\"": \""9_R24FG_WF_Individual_GNV_initial_codes.csv\""}]"", ""source"": ""9_R24FG_WF_Individual_GNV_initial_codes.csv""}]",9_R24FG_WF_Individual_GNV_initial_codes.csv
Curiosity About Participation,Participants show interest in understanding what motivates others to join clinical trials.,,"[""Curiosity About Participation""]","[{""text"": ""[{\""text\"": \""I wanted to join this to see what really is entailed.\"", \""source\"": \""6_R24FG_HF_Group_Mayo_initial_codes.csv\""}]"", ""source"": ""6_R24FG_HF_Group_Mayo_initial_codes.csv""}]",6_R24FG_HF_Group_Mayo_initial_codes.csv
Curiosity About Project Development,"The user expresses curiosity about the project and its potential usefulness, indicating engagement with the topic.",,"[""Curiosity About Project Development""]","[{""text"": ""[{\""text\"": \""It sounds interesting. Sounds good. Sounds like it could be useful.\"", \""source\"": \""5_R24FG_HM_Group_GNV_initial_codes.csv\""}]"", ""source"": ""5_R24FG_HM_Group_GNV_initial_codes.csv""}]",5_R24FG_HM_Group_GNV_initial_codes.csv
Curiosity About Research Studies,Participants express curiosity about the types and outcomes of research studies.,,"[""Curiosity About Research Studies""]","[{""text"": ""[{\""text\"": \""It was useful to hear about some examples of what research studies have done.\"", \""source\"": \""5_R24FG_HM_Group_GNV_initial_codes.csv\""}]"", ""source"": ""5_R24FG_HM_Group_GNV_initial_codes.csv""}]",5_R24FG_HM_Group_GNV_initial_codes.csv
Curiosity About Studies,The user is motivated by curiosity to learn about the studies they participate in.,,"[""Curiosity About Studies""]","[{""text"": ""[{\""text\"": \""Just to find out what they were studying, how they were going about it, that type of thing kind of intrigues me.\"", \""source\"": \""8_R24FG_HF_Individual_GNV_initial_codes.csv\""}]"", ""source"": ""8_R24FG_HF_Individual_GNV_initial_codes.csv""}]",8_R24FG_HF_Individual_GNV_initial_codes.csv
Data Contribution,Participants aim to contribute data that may lead to future medical discoveries and improvements.,,"[""Data Contribution""]","[{""text"": ""[{\""text\"": \""You're volunteering to provide information to help expand the data on certain subjects.\"", \""source\"": \""13_R24FG_HM_Group_FIU_initial_codes.csv\""}]"", ""source"": ""13_R24FG_HM_Group_FIU_initial_codes.csv""}]",13_R24FG_HM_Group_FIU_initial_codes.csv
Demographic Relevance,Users appreciate the idea of using demographic information to tailor health recommendations and understand health risks.,,"[""Demographic Relevance""]","[{""text"": ""[{\""text\"": \""I would be fine with that level, with the demographics, because I know that there's certain cultures that have different diseases.\"", \""source\"": \""14_R24FG_WF_Group_GNV_initial_codes.csv\""}]"", ""source"": ""14_R24FG_WF_Group_GNV_initial_codes.csv""}]",14_R24FG_WF_Group_GNV_initial_codes.csv
Desire for Clarity,Participants seek clear explanations about trial procedures and expectations to make informed decisions.,,"[""Desire for Clarity""]","[{""text"": ""[{\""text\"": \""I do not feel like they explained what was going to happen properly.\"", \""source\"": \""7_R24FG_HF_Group_GNV_initial_codes.csv\""}]"", ""source"": ""7_R24FG_HF_Group_GNV_initial_codes.csv""}]",7_R24FG_HF_Group_GNV_initial_codes.csv
"Desire for Clear, Detailed Information","Users seek clear, detailed information and instructions about clinical trials to make informed decisions.","These codes were merged due to their common theme of emphasizing the importance of clarity and detail in communication regarding clinical trials, which is crucial for informed decision-making.","[""Desire for Detailed Information"", ""Desire for Clear Information"", ""Desire for Clear Instructions"", ""Desire for Clear Communication"", ""Clarity in Communication""]","[{""text"": ""[{\""text\"": \""I really like details. To be convinced in something.\"", \""source\"": \""15_R24FG_WF_Individual_GNV_initial_codes.csv\""}, {\""text\"": \""I would hope it has to do with, you know, research being out on a registry.\"", \""source\"": \""14_R24FG_WF_Group_GNV_initial_codes.csv\""}, {\""text\"": \""I want to do it but I\\u2019m like, 'But I don\\u2019t have any instructions here.'\"", \""source\"": \""6_R24FG_HF_Group_Mayo_initial_codes.csv\""}, {\""text\"": \""She was really clear. Yeah. I liked it.\"", \""source\"": \""1_R24FG_BF_Group_UF_initial_codes.csv\""}, {\""text\"": \""Need to define trials and studies.\"", \""source\"": \""12_R24FG_HM_Individual_GNV_initial_codes.csv\""}]"", ""source"": ""15_R24FG_WF_Individual_GNV_initial_codes.csv, 14_R24FG_WF_Group_GNV_initial_codes.csv, 6_R24FG_HF_Group_Mayo_initial_codes.csv, 1_R24FG_BF_Group_UF_initial_codes.csv, 12_R24FG_HM_Individual_GNV_initial_codes.csv""}]","15_R24FG_WF_Individual_GNV_initial_codes.csv, 14_R24FG_WF_Group_GNV_initial_codes.csv, 6_R24FG_HF_Group_Mayo_initial_codes.csv, 1_R24FG_BF_Group_UF_initial_codes.csv, 12_R24FG_HM_Individual_GNV_initial_codes.csv"
Desire for Comprehensive Care,"The user values a holistic approach to their healthcare, involving multiple specialists.",,"[""Desire for Comprehensive Care""]","[{""text"": ""[{\""text\"": \""It was crucial that these doctors look at my entire record and communicate with each other.\"", \""source\"": \""9_R24FG_WF_Individual_GNV_initial_codes.csv\""}]"", ""source"": ""9_R24FG_WF_Individual_GNV_initial_codes.csv""}]",9_R24FG_WF_Individual_GNV_initial_codes.csv
Desire for Effective Treatments,"The user is seeking alternative treatments, indicating a sense of urgency in finding effective medical solutions.",,"[""Desire for Effective Treatments""]","[{""text"": ""[{\""text\"": \""I'm glad to get into a trial if it looked like something was working for somebody.\"", \""source\"": \""5_R24FG_HM_Group_GNV_initial_codes.csv\""}]"", ""source"": ""5_R24FG_HM_Group_GNV_initial_codes.csv""}]",5_R24FG_HM_Group_GNV_initial_codes.csv
Desire for Efficient Information Delivery,Users appreciate tools that provide efficient information while still valuing human interaction.,,"[""Desire for Efficient Information Delivery""]","[{""text"": ""[{\""text\"": \""This will save time because you know, like sort of the same explanation.\"", \""source\"": \""6_R24FG_HF_Group_Mayo_initial_codes.csv\""}]"", ""source"": ""6_R24FG_HF_Group_Mayo_initial_codes.csv""}]",6_R24FG_HF_Group_Mayo_initial_codes.csv
Desire for Engagement in Health Decisions,"The user wants to be actively engaged in their health decisions, asking questions and seeking clarity.",,"[""Desire for Engagement in Health Decisions""]","[{""text"": ""[{\""text\"": \""It's up to you to ask questions, try to understand what's going on.\"", \""source\"": \""15_R24FG_WF_Individual_GNV_initial_codes.csv\""}]"", ""source"": ""15_R24FG_WF_Individual_GNV_initial_codes.csv""}]",15_R24FG_WF_Individual_GNV_initial_codes.csv
Desire for Engaging Communication,"Users want communication that is lively and engaging, reflecting their cultural background and encouraging participation.",,"[""Desire for Engaging Communication""]","[{""text"": ""[{\""text\"": \""I would like to see somebody like that, you know, somebody that can express, you know, with more action, want to see us.\"", \""source\"": \""6_R24FG_HF_Group_Mayo_initial_codes.csv\""}]"", ""source"": ""6_R24FG_HF_Group_Mayo_initial_codes.csv""}]",6_R24FG_HF_Group_Mayo_initial_codes.csv
Desire for Engaging Presentation,Participants prefer engaging and lively presentations when learning about clinical trials.,,"[""Desire for Engaging Presentation""]","[{""text"": ""[{\""text\"": \""If you're going to do something like this, you need to be a little bit more alive.\"", \""source\"": \""4_R24FG_CF_Group_Villages_initial_codes.csv\""}]"", ""source"": ""4_R24FG_CF_Group_Villages_initial_codes.csv""}]",4_R24FG_CF_Group_Villages_initial_codes.csv
Desire for Engaging Studies,"Participants prefer studies that are engaging and interesting, enhancing their willingness to participate.",,"[""Desire for Engaging Studies""]","[{""text"": ""[{\""text\"": \""I think it's when they're fun. I think that's really interesting.\"", \""source\"": \""7_R24FG_HF_Group_GNV_initial_codes.csv\""}]"", ""source"": ""7_R24FG_HF_Group_GNV_initial_codes.csv""}]",7_R24FG_HF_Group_GNV_initial_codes.csv
Desire for Follow-Up Resources,Participants appreciate the idea of having follow-up resources to discuss with their doctors.,,"[""Desire for Follow-Up Resources""]","[{""text"": ""[{\""text\"": \""That would be great to have in the hands of doctors that don't usually think about this.\"", \""source\"": \""5_R24FG_HM_Group_GNV_initial_codes.csv\""}]"", ""source"": ""5_R24FG_HM_Group_GNV_initial_codes.csv""}]",5_R24FG_HM_Group_GNV_initial_codes.csv
Desire for Health Information,The participant wants to receive health information that is relevant to their personal health issues.,,"[""Desire for Health Information""]","[{""text"": ""[{\""text\"": \""If they could figure out something, you know, with that, but I don't exactly understand what I\\u2019m, you know, how I\\u2019m supposed to answer.\"", \""source\"": \""16_R24FG_WF_Individual_GNV_initial_codes.csv\""}]"", ""source"": ""16_R24FG_WF_Individual_GNV_initial_codes.csv""}]",16_R24FG_WF_Individual_GNV_initial_codes.csv
Desire for Language Accessibility,"Users want options for communication in their preferred language, especially Spanish.",,"[""Desire for Language Accessibility""]","[{""text"": ""[{\""text\"": \""I would like to have the option of the person speaking Spanish.\"", \""source\"": \""6_R24FG_HF_Group_Mayo_initial_codes.csv\""}]"", ""source"": ""6_R24FG_HF_Group_Mayo_initial_codes.csv""}]",6_R24FG_HF_Group_Mayo_initial_codes.csv
Desire for Personalized Guidance,Participants seek personalized information and clear next steps regarding clinical trials relevant to their health.,These codes were merged because they both emphasize the participants' need for tailored information and guidance in navigating clinical trials.,"[""Desire for Personalized Information"", ""Desire for Personalization"", ""Clarify Next Steps""]","[{""text"": ""[{\""text\"": \""If there would be a research thing that I thought, you know, they thought would help me, I might would be interested in it.\"", \""source\"": \""16_R24FG_WF_Individual_GNV_initial_codes.csv\""}, {\""text\"": \""If you had a character that represented me, that would be more interesting.\"", \""source\"": \""7_R24FG_HF_Group_GNV_initial_codes.csv\""}, {\""text\"": \""Where do you go from, from that point? What's, what's the like, the next step?\"", \""source\"": \""13_R24FG_HM_Group_FIU_initial_codes.csv\""}]"", ""source"": ""16_R24FG_WF_Individual_GNV_initial_codes.csv, 7_R24FG_HF_Group_GNV_initial_codes.csv, 13_R24FG_HM_Group_FIU_initial_codes.csv""}]","16_R24FG_WF_Individual_GNV_initial_codes.csv, 7_R24FG_HF_Group_GNV_initial_codes.csv, 13_R24FG_HM_Group_FIU_initial_codes.csv"
Desire for Personalized Information,The participant prefers personalized communication regarding clinical trials relevant to their health.,,"[""Desire for Personalized Information""]","[{""text"": ""[{\""text\"": \""I would love it... if you can interact with the [university name] health system.\"", \""source\"": \""12_R24FG_HM_Individual_GNV_initial_codes.csv\""}]"", ""source"": ""12_R24FG_HM_Individual_GNV_initial_codes.csv""}]",12_R24FG_HM_Individual_GNV_initial_codes.csv
Desire for Personalized Interaction,Users value personalized interactions that acknowledge their unique experiences and histories.,,"[""Desire for Personalized Interaction""]","[{""text"": ""[{\""text\"": \""That level of personal, personalized treatment... you know my history.\"", \""source\"": \""6_R24FG_HF_Group_Mayo_initial_codes.csv\""}]"", ""source"": ""6_R24FG_HF_Group_Mayo_initial_codes.csv""}]",6_R24FG_HF_Group_Mayo_initial_codes.csv
Desire for Support in Technology Navigation,"Users want assistance in navigating technology, especially for those less familiar with it.",,"[""Desire for Support in Technology Navigation""]","[{""text"": ""[{\""text\"": \""They need to figure it out the way to get to these people and help these people more.\"", \""source\"": \""6_R24FG_HF_Group_Mayo_initial_codes.csv\""}]"", ""source"": ""6_R24FG_HF_Group_Mayo_initial_codes.csv""}]",6_R24FG_HF_Group_Mayo_initial_codes.csv
Desire for User-Friendly Information,"The user seeks information that is easy to understand and navigate, reflecting a need for user-friendly resources.",,"[""Desire for User-Friendly Information""]","[{""text"": ""[{\""text\"": \""I wish that there had been something like that... to find all these clinical trials.\"", \""source\"": \""5_R24FG_HM_Group_GNV_initial_codes.csv\""}]"", ""source"": ""5_R24FG_HM_Group_GNV_initial_codes.csv""}]",5_R24FG_HM_Group_GNV_initial_codes.csv
Differentiating Research Studies,Participants seek to understand the distinction between clinical trials and broader research studies.,,"[""Differentiating Research Studies""]","[{""text"": ""[{\""text\"": \""Because, like, this a pandemic then you guys have to be doing it on the field.\"", \""source\"": \""5_R24FG_HM_Group_GNV_initial_codes.csv\""}]"", ""source"": ""5_R24FG_HM_Group_GNV_initial_codes.csv""}]",5_R24FG_HM_Group_GNV_initial_codes.csv
Digital Health Management Preference,Users value digital tools for effective health management and convenience.,These codes were merged because they both emphasize the importance of digital tools in managing personal health information and highlight user appreciation for their convenience.,"[""Preference for Digital Health Tools"", ""Personal Health Management""]","[{""text"": ""[{\""text\"": \""It's a godsend.\"", \""source\"": \""9_R24FG_WF_Individual_GNV_initial_codes.csv\""}, {\""text\"": \""I've had two different apps right now on my phone... I could add some past health history to it.\"", \""source\"": \""17_R24FG_WM_Group_Villages_initial_codes.csv\""}]"", ""source"": ""9_R24FG_WF_Individual_GNV_initial_codes.csv, 17_R24FG_WM_Group_Villages_initial_codes.csv""}]","9_R24FG_WF_Individual_GNV_initial_codes.csv, 17_R24FG_WM_Group_Villages_initial_codes.csv"
Diversity in Health Resources,Advocating for diverse representation and cultural sensitivity in health studies and communication resources.,"These codes were merged due to their shared focus on the importance of diversity and representation in health-related contexts, emphasizing both representation in studies and cultural sensitivity.","[""Diversity in Representation"", ""Access to Diverse Studies"", ""Cultural Sensitivity""]","[{""text"": ""[{\""text\"": \""You might want somebody with an Asian ethnicity... more of a Latino ethnicity.\"", \""source\"": \""8_R24FG_HF_Individual_GNV_initial_codes.csv\""}, {\""text\"": \""I want to make sure that diversity is included in the programs.\"", \""source\"": \""3_R24FG_CF_Group_Villages_initial_codes.csv\""}, {\""text\"": \""I enjoy diversity... it's a pleasant challenge to communicate with people that are not like me.\"", \""source\"": \""10_R24FG_HM_Individual_GNV_initial_codes.csv\""}]"", ""source"": ""8_R24FG_HF_Individual_GNV_initial_codes.csv, 3_R24FG_CF_Group_Villages_initial_codes.csv, 10_R24FG_HM_Individual_GNV_initial_codes.csv""}]","8_R24FG_HF_Individual_GNV_initial_codes.csv, 3_R24FG_CF_Group_Villages_initial_codes.csv, 10_R24FG_HM_Individual_GNV_initial_codes.csv"
Doctor Interaction Comfort,"Users want to feel comfortable discussing clinical trials with their doctors, facilitated by informative materials.",,"[""Doctor Interaction Comfort""]","[{""text"": ""[{\""text\"": \""That gives you a semi-feel that the doctor approved that, that positioning.\"", \""source\"": \""13_R24FG_HM_Group_FIU_initial_codes.csv\""}]"", ""source"": ""13_R24FG_HM_Group_FIU_initial_codes.csv""}]",13_R24FG_HM_Group_FIU_initial_codes.csv
Doctor-Patient Communication,Users value effective communication with their doctors regarding clinical trials and treatment options.,,"[""Doctor-Patient Communication""]","[{""text"": ""[{\""text\"": \""I would rather talk to my doctor and have him or her look at this.\"", \""source\"": \""4_R24FG_CF_Group_Villages_initial_codes.csv\""}]"", ""source"": ""4_R24FG_CF_Group_Villages_initial_codes.csv""}]",4_R24FG_CF_Group_Villages_initial_codes.csv
Download Question Guide,Users seek to download a guide that helps them prepare questions for discussions with their doctors regarding clinical trials.,,"[""Download Question Guide""]","[{""text"": ""[{\""text\"": \""I think it's very helpful. Definitely going to make you go more comfortable when you decide to get into one of these.\"", \""source\"": \""13_R24FG_HM_Group_FIU_initial_codes.csv\""}]"", ""source"": ""13_R24FG_HM_Group_FIU_initial_codes.csv""}]",13_R24FG_HM_Group_FIU_initial_codes.csv
Downloadable Resources,Users value the ability to download resources for later reference.,,"[""Downloadable Resources""]","[{""text"": ""[{\""text\"": \""I like the copy link.\"", \""source\"": \""17_R24FG_WM_Group_Villages_initial_codes.csv\""}]"", ""source"": ""17_R24FG_WM_Group_Villages_initial_codes.csv""}]",17_R24FG_WM_Group_Villages_initial_codes.csv
Ease of Access,Participants want easy access to information about research studies.,,"[""Ease of Access""]","[{""text"": ""[{\""text\"": \""How do they get connected to a great research study being done by [university name]?\"", \""source\"": \""17_R24FG_WM_Group_Villages_initial_codes.csv\""}]"", ""source"": ""17_R24FG_WM_Group_Villages_initial_codes.csv""}]",17_R24FG_WM_Group_Villages_initial_codes.csv
Ease of Access to Information,Users want easy access to their health information and resources without unnecessary barriers.,,"[""Ease of Access to Information""]","[{""text"": ""[{\""text\"": \""You got a lot more people probably don't go in as much to the doctor's office.\"", \""source\"": \""14_R24FG_WF_Group_GNV_initial_codes.csv\""}]"", ""source"": ""14_R24FG_WF_Group_GNV_initial_codes.csv""}]",14_R24FG_WF_Group_GNV_initial_codes.csv
Ease of Use,Users desire a straightforward and intuitive process for navigating the application to find information quickly.,,"[""Ease of Use""]","[{""text"": ""[{\""text\"": \""Yeah, simple enough. Yeah.\"", \""source\"": \""13_R24FG_HM_Group_FIU_initial_codes.csv\""}]"", ""source"": ""13_R24FG_HM_Group_FIU_initial_codes.csv""}]",13_R24FG_HM_Group_FIU_initial_codes.csv
Effective Communication,Users value clear and effective communication from presenters to enhance understanding.,,"[""Effective Communication""]","[{""text"": ""[{\""text\"": \""He explained that part good. It was clear when he explained it.\"", \""source\"": \""7_R24FG_HF_Group_GNV_initial_codes.csv\""}]"", ""source"": ""7_R24FG_HF_Group_GNV_initial_codes.csv""}]",7_R24FG_HF_Group_GNV_initial_codes.csv
Eligibility Inquiry for Trials,Users seek to understand their eligibility for clinical trials and research studies before proceeding.,These codes were merged due to their common theme of users expressing a need to know and understand eligibility criteria for participation in clinical trials and research studies.,"[""Determine Eligibility"", ""Interest in Clinical Trial Eligibility"", ""Understand Eligibility Requirements""]","[{""text"": ""[{\""text\"": \""I would just because I think I would probably just go right to, 'Am I eligible? Where to start?'\"", \""source\"": \""17_R24FG_WM_Group_Villages_initial_codes.csv\""}, {\""text\"": \""I'd be nosy and want to look and see about what makes me qualify.\"", \""source\"": \""8_R24FG_HF_Individual_GNV_initial_codes.csv\""}, {\""text\"": \""I don\\u2019t understand 'Download question guide.' What is the question, download your questions, a guide of what you could ask?\"", \""source\"": \""3_R24FG_CF_Group_Villages_initial_codes.csv\""}]"", ""source"": ""17_R24FG_WM_Group_Villages_initial_codes.csv, 8_R24FG_HF_Individual_GNV_initial_codes.csv, 3_R24FG_CF_Group_Villages_initial_codes.csv""}]","17_R24FG_WM_Group_Villages_initial_codes.csv, 8_R24FG_HF_Individual_GNV_initial_codes.csv, 3_R24FG_CF_Group_Villages_initial_codes.csv"
Encouragement for Participation,The goal is to encourage others to participate in clinical trials through relatable testimonials.,,"[""Encouragement for Participation""]","[{""text"": ""[{\""text\"": \""Maybe have examples of people that have participated and their feedback.\"", \""source\"": \""2_R24FG_BF_Individual_GNV_initial_codes.csv\""}]"", ""source"": ""2_R24FG_BF_Individual_GNV_initial_codes.csv""}]",2_R24FG_BF_Individual_GNV_initial_codes.csv
Encouragement from Doctors,The participant values encouragement and recommendations from their doctor regarding trial participation.,,"[""Encouragement from Doctors""]","[{""text"": ""[{\""text\"": \""If it tells me, give me some options of, 'Hey, we think that this might be good for you.'\"", \""source\"": \""12_R24FG_HM_Individual_GNV_initial_codes.csv\""}]"", ""source"": ""12_R24FG_HM_Individual_GNV_initial_codes.csv""}]",12_R24FG_HM_Individual_GNV_initial_codes.csv
Engagement in Informed Decisions,Participants seek active involvement and comprehensive information to make informed choices about health decisions and clinical trial participation.,These codes were merged because they all emphasize the importance of participant engagement and the need for detailed information to facilitate informed decision-making in health-related contexts.,"[""Engagement in Health Decisions"", ""Informed Decision-Making"", ""Desire for Detailed Information""]","[{""text"": ""[{\""text\"": \""You have to give them a reason to do it... you have to have get them to be engaged.\"", \""source\"": \""4_R24FG_CF_Group_Villages_initial_codes.csv\""}, {\""text\"": \""I thought it was very informative. It took... if I had not been in clinical research trials, it would have given me an insight that I didn't even know.\"", \""source\"": \""11_R24FG_HM_Individual_GNV_initial_codes.csv\""}, {\""text\"": \""I want to know a little bit more about that.\"", \""source\"": \""2_R24FG_BF_Individual_GNV_initial_codes.csv\""}]"", ""source"": ""4_R24FG_CF_Group_Villages_initial_codes.csv, 11_R24FG_HM_Individual_GNV_initial_codes.csv, 2_R24FG_BF_Individual_GNV_initial_codes.csv""}]","4_R24FG_CF_Group_Villages_initial_codes.csv, 11_R24FG_HM_Individual_GNV_initial_codes.csv, 2_R24FG_BF_Individual_GNV_initial_codes.csv"
Engagement in Research,The aim to participate in medical research for personal and communal health benefits.,,"[""Engagement in Research""]","[{""text"": ""[{\""text\"": \""Interesting stuff like that, that comes out of only a research study.\"", \""source\"": \""9_R24FG_WF_Individual_GNV_initial_codes.csv\""}]"", ""source"": ""9_R24FG_WF_Individual_GNV_initial_codes.csv""}]",9_R24FG_WF_Individual_GNV_initial_codes.csv
Engagement in Research Participation,"The user shows interest in participating in research studies, reflecting a proactive approach to their health.",,"[""Engagement in Research Participation""]","[{""text"": ""[{\""text\"": \""I'll be glad to get into a trial if it looked like something was working.\"", \""source\"": \""5_R24FG_HM_Group_GNV_initial_codes.csv\""}]"", ""source"": ""5_R24FG_HM_Group_GNV_initial_codes.csv""}]",5_R24FG_HM_Group_GNV_initial_codes.csv
Engagement through Gamification,Users are interested in gamified elements that make the experience more enjoyable and engaging.,,"[""Engagement through Gamification""]","[{""text"": ""[{\""text\"": \""I would approach it like a game almost... you want to enjoy what they're doing and want to participate.\"", \""source\"": \""7_R24FG_HF_Group_GNV_initial_codes.csv\""}]"", ""source"": ""7_R24FG_HF_Group_GNV_initial_codes.csv""}]",7_R24FG_HF_Group_GNV_initial_codes.csv
Engagement with Content,Participants seek engaging and relevant content when learning about research studies.,,"[""Engagement with Content"", ""Engagement with Content"", ""Engagement with Content""]","[{""text"": ""[{\""text\"": \""I think if you\\u2019re trying to get somebody to move ahead to the next step.\"", \""source\"": \""17_R24FG_WM_Group_Villages_initial_codes.csv\""}]"", ""source"": ""17_R24FG_WM_Group_Villages_initial_codes.csv""}, {""text"": ""[{\""text\"": \""It looks like an advertisement that I would just immediately change the channel because I don't want to look at it.\"", \""source\"": \""7_R24FG_HF_Group_GNV_initial_codes.csv\""}]"", ""source"": ""7_R24FG_HF_Group_GNV_initial_codes.csv""}, {""text"": ""[{\""text\"": \""Might keep your attention more.\"", \""source\"": \""17_R24FG_WM_Group_Villages_initial_codes.csv\""}]"", ""source"": ""17_R24FG_WM_Group_Villages_initial_codes.csv""}]","7_R24FG_HF_Group_GNV_initial_codes.csv, 17_R24FG_WM_Group_Villages_initial_codes.csv"
Engagement with Educational Resources,The interviewee appreciates educational resources that provide information about clinical trials in an engaging manner.,,"[""Engagement with Educational Resources""]","[{""text"": ""[{\""text\"": \""I think it would be very helpful... playing in the waiting room of oncology.\"", \""source\"": \""14_R24FG_WF_Group_GNV_initial_codes.csv\""}]"", ""source"": ""14_R24FG_WF_Group_GNV_initial_codes.csv""}]",14_R24FG_WF_Group_GNV_initial_codes.csv
Engagement with Technology,Participants express interest in engaging with technology that facilitates understanding of research studies.,,"[""Engagement with Technology"", ""Engagement with Technology""]","[{""text"": ""[{\""text\"": \""This is just kind of like a first initiation of like, this is the idea of having like a chat format for Alex.\"", \""source\"": \""13_R24FG_HM_Group_FIU_initial_codes.csv\""}]"", ""source"": ""13_R24FG_HM_Group_FIU_initial_codes.csv""}, {""text"": ""[{\""text\"": \""I thought that everything that was there was appropriate.\"", \""source\"": \""11_R24FG_HM_Individual_GNV_initial_codes.csv\""}]"", ""source"": ""11_R24FG_HM_Individual_GNV_initial_codes.csv""}]","11_R24FG_HM_Individual_GNV_initial_codes.csv, 13_R24FG_HM_Group_FIU_initial_codes.csv"
Engagement with Virtual Assistants,Participants are interested in using virtual assistants to navigate health information and research studies.,,"[""Engagement with Virtual Assistants""]","[{""text"": ""[{\""text\"": \""Your goal is to do it without... someone else that you've hired to have to answer the question.\"", \""source\"": \""17_R24FG_WM_Group_Villages_initial_codes.csv\""}]"", ""source"": ""17_R24FG_WM_Group_Villages_initial_codes.csv""}]",17_R24FG_WM_Group_Villages_initial_codes.csv
Engaging Participation Experience,Users seek an engaging and straightforward process for signing up and participating in clinical trials with interactive features.,These codes were merged because both emphasize the importance of simplifying user engagement in clinical trials through interactive and user-friendly processes.,"[""Simplify Participation Process"", ""Interactive Learning""]","[{""text"": ""[{\""text\"": \""If it took way too much time or something, if you had to drive far, or something like that.\"", \""source\"": \""3_R24FG_CF_Group_Villages_initial_codes.csv\""}, {\""text\"": \""Make it interactive. I can ask the lady a question.\"", \""source\"": \""10_R24FG_HM_Individual_GNV_initial_codes.csv\""}]"", ""source"": ""3_R24FG_CF_Group_Villages_initial_codes.csv, 10_R24FG_HM_Individual_GNV_initial_codes.csv""}]","3_R24FG_CF_Group_Villages_initial_codes.csv, 10_R24FG_HM_Individual_GNV_initial_codes.csv"
Engaging Visual Elements,"Users want engaging visual elements, such as highlighted words or animations, to maintain interest.",,"[""Engaging Visual Elements""]","[{""text"": ""[{\""text\"": \""I would like to see highlighting words that they may speak that relates to whatever they're talking about.\"", \""source\"": \""3_R24FG_CF_Group_Villages_initial_codes.csv\""}]"", ""source"": ""3_R24FG_CF_Group_Villages_initial_codes.csv""}]",3_R24FG_CF_Group_Villages_initial_codes.csv
Enjoyable Experience,"The user seeks enjoyable experiences while participating in clinical trials, valuing the process itself.",,"[""Enjoyable Experience""]","[{""text"": ""[{\""text\"": \""It was enjoyable. It was interesting.\"", \""source\"": \""8_R24FG_HF_Individual_GNV_initial_codes.csv\""}]"", ""source"": ""8_R24FG_HF_Individual_GNV_initial_codes.csv""}]",8_R24FG_HF_Individual_GNV_initial_codes.csv
Enjoying Quality of Life,The intention to maintain a good quality of life despite health challenges.,,"[""Enjoying Quality of Life""]","[{""text"": ""[{\""text\"": \""He's enjoying working on this car. He likes to drag race cars.\"", \""source\"": \""9_R24FG_WF_Individual_GNV_initial_codes.csv\""}]"", ""source"": ""9_R24FG_WF_Individual_GNV_initial_codes.csv""}]",9_R24FG_WF_Individual_GNV_initial_codes.csv
Ensure Accessibility of Information,Users desire that information about clinical trials is accessible and easy to understand for all age groups.,,"[""Ensure Accessibility of Information""]","[{""text"": ""[{\""text\"": \""If my dad was using this when he was looking, he wouldn't have understood it.\"", \""source\"": \""3_R24FG_CF_Group_Villages_initial_codes.csv\""}]"", ""source"": ""3_R24FG_CF_Group_Villages_initial_codes.csv""}]",3_R24FG_CF_Group_Villages_initial_codes.csv
Equity in Access,"Participants express concern about the unequal availability of clinical trials across different communities, particularly marginalized groups.",,"[""Equity in Access""]","[{""text"": ""[{\""text\"": \""I don't think that they are offered in, um, you know, the black or brown communities as they are in other communities.\"", \""source\"": \""1_R24FG_BF_Group_UF_initial_codes.csv\""}]"", ""source"": ""1_R24FG_BF_Group_UF_initial_codes.csv""}]",1_R24FG_BF_Group_UF_initial_codes.csv
Evaluate Avatar Interaction,Users want to assess the effectiveness of the avatar in conveying information about clinical trials.,,"[""Evaluate Avatar Interaction""]","[{""text"": ""[{\""text\"": \""I liked her better when she started talking-- very warm.\"", \""source\"": \""3_R24FG_CF_Group_Villages_initial_codes.csv\""}]"", ""source"": ""3_R24FG_CF_Group_Villages_initial_codes.csv""}]",3_R24FG_CF_Group_Villages_initial_codes.csv
Expectation of Study Outcomes,The user wants to understand the expected outcomes and duration of clinical trials before participating.,,"[""Expectation of Study Outcomes""]","[{""text"": ""[{\""text\"": \""Having an idea, yes. Your expectations of the study.\"", \""source\"": \""15_R24FG_WF_Individual_GNV_initial_codes.csv\""}]"", ""source"": ""15_R24FG_WF_Individual_GNV_initial_codes.csv""}]",15_R24FG_WF_Individual_GNV_initial_codes.csv
Facilitating Research Participation,Users express a desire for information and resources to encourage participation in clinical trials aligned with their health needs.,"These codes were merged because they all emphasize the importance of information and support in encouraging individuals to participate in clinical research, highlighting a common theme of enhancing awareness and comfort.","[""Interest in Research Participation"", ""Encouraging Clinical Trial Participation"", ""Need for Information on Research Participation""]","[{""text"": ""[{\""text\"": \""I would depending on what it is... if it's something that I can participate in.\"", \""source\"": \""14_R24FG_WF_Group_GNV_initial_codes.csv\""}, {\""text\"": \""I think at a minimum, it will start a dialogue with their doctor.\"", \""source\"": \""14_R24FG_WF_Group_GNV_initial_codes.csv\""}, {\""text\"": \""I wonder, you know, how can we get more information about that kind of research.\"", \""source\"": \""6_R24FG_HF_Group_Mayo_initial_codes.csv\""}]"", ""source"": ""14_R24FG_WF_Group_GNV_initial_codes.csv, 6_R24FG_HF_Group_Mayo_initial_codes.csv""}]","14_R24FG_WF_Group_GNV_initial_codes.csv, 6_R24FG_HF_Group_Mayo_initial_codes.csv"
Family Engagement in Trials,Involving family members in discussions to encourage participation in clinical trials for better support and decision-making.,These codes were merged because both emphasize the importance of family involvement in the decision-making process regarding clinical trial participation.,"[""Engage Family in Research Decisions"", ""Encouraging Participation in Trials""]","[{""text"": ""[{\""text\"": \""I'm also happy to talk with your family and friends if they want information on research studies.\"", \""source\"": \""3_R24FG_CF_Group_Villages_initial_codes.csv\""}, {\""text\"": \""I think it would be quite helpful... it needs to be accompanied by the physician.\"", \""source\"": \""10_R24FG_HM_Individual_GNV_initial_codes.csv\""}]"", ""source"": ""3_R24FG_CF_Group_Villages_initial_codes.csv, 10_R24FG_HM_Individual_GNV_initial_codes.csv""}]","3_R24FG_CF_Group_Villages_initial_codes.csv, 10_R24FG_HM_Individual_GNV_initial_codes.csv"
Family Health Improvement,The intention to improve health outcomes for family members through participation in clinical trials.,,"[""Family Health Improvement""]","[{""text"": ""[{\""text\"": \""It might not help you or it might. It just depends on whether you're in the standard or whether you're in the research group.\"", \""source\"": \""11_R24FG_HM_Individual_GNV_initial_codes.csv\""}]"", ""source"": ""11_R24FG_HM_Individual_GNV_initial_codes.csv""}]",11_R24FG_HM_Individual_GNV_initial_codes.csv
Feedback Mechanism,Users want a way to provide feedback on their experience to improve future interactions.,,"[""Feedback Mechanism"", ""Feedback Mechanism""]","[{""text"": ""[{\""text\"": \""I would say, 'this app is relatively new. How do you find it\\u2019s functioned for you today?'\"", \""source\"": \""7_R24FG_HF_Group_GNV_initial_codes.csv\""}]"", ""source"": ""7_R24FG_HF_Group_GNV_initial_codes.csv""}, {""text"": ""[{\""text\"": \""Getting an answer from the person that reads it, 'Are you interested,' right away.\"", \""source\"": \""17_R24FG_WM_Group_Villages_initial_codes.csv\""}]"", ""source"": ""17_R24FG_WM_Group_Villages_initial_codes.csv""}]","7_R24FG_HF_Group_GNV_initial_codes.csv, 17_R24FG_WM_Group_Villages_initial_codes.csv"
Feedback for Improvement,The desire to provide constructive feedback for improving clinical trial resources and tools.,,"[""Feedback for Improvement""]","[{""text"": ""[{\""text\"": \""I think that they're doing a wonderful job... I just don't know.\"", \""source\"": \""11_R24FG_HM_Individual_GNV_initial_codes.csv\""}]"", ""source"": ""11_R24FG_HM_Individual_GNV_initial_codes.csv""}]",11_R24FG_HM_Individual_GNV_initial_codes.csv
Feedback from Past Patients,Users believe insights from individuals who have undergone treatment could enhance the development of healthcare resources.,,"[""Feedback from Past Patients""]","[{""text"": ""[{\""text\"": \""It would probably be good... if you could get like a small group of people that have actually, they're in remission.\"", \""source\"": \""14_R24FG_WF_Group_GNV_initial_codes.csv\""}]"", ""source"": ""14_R24FG_WF_Group_GNV_initial_codes.csv""}]",14_R24FG_WF_Group_GNV_initial_codes.csv
Feedback on Alex's Features,Users provide feedback on potential features of Alex that could enhance their experience with clinical trials.,,"[""Feedback on Alex's Features""]","[{""text"": ""[{\""text\"": \""If Alex does get to an appointment in an advanced way, that would be wonderful.\"", \""source\"": \""4_R24FG_CF_Group_Villages_initial_codes.csv\""}]"", ""source"": ""4_R24FG_CF_Group_Villages_initial_codes.csv""}]",4_R24FG_CF_Group_Villages_initial_codes.csv
Feedback on Avatar Selection,Users want the ability to provide feedback on avatar choices to improve user experience.,,"[""Feedback on Avatar Selection""]","[{""text"": ""[{\""text\"": \""Can we see the first one that was being generated while we were waiting?\"", \""source\"": \""3_R24FG_CF_Group_Villages_initial_codes.csv\""}]"", ""source"": ""3_R24FG_CF_Group_Villages_initial_codes.csv""}]",3_R24FG_CF_Group_Villages_initial_codes.csv
Feedback on Content,Users want to provide feedback on the content to improve future iterations.,,"[""Feedback on Content""]","[{""text"": ""[{\""text\"": \""The last tab was a waste of my time.\"", \""source\"": \""17_R24FG_WM_Group_Villages_initial_codes.csv\""}]"", ""source"": ""17_R24FG_WM_Group_Villages_initial_codes.csv""}]",17_R24FG_WM_Group_Villages_initial_codes.csv
Feedback on Digital Tools,Participants provide feedback on digital tools designed to facilitate understanding of clinical research.,,"[""Feedback on Digital Tools""]","[{""text"": ""[{\""text\"": \""It\\u2019s confusing? I don't know what the tiles are for.\"", \""source\"": \""13_R24FG_HM_Group_FIU_initial_codes.csv\""}]"", ""source"": ""13_R24FG_HM_Group_FIU_initial_codes.csv""}]",13_R24FG_HM_Group_FIU_initial_codes.csv
Feedback on Educational Resources,The participant is willing to provide feedback on educational resources related to clinical trials.,,"[""Feedback on Educational Resources""]","[{""text"": ""[{\""text\"": \""I think that the direction you guys are taking with this video and training is very proper.\"", \""source\"": \""12_R24FG_HM_Individual_GNV_initial_codes.csv\""}]"", ""source"": ""12_R24FG_HM_Individual_GNV_initial_codes.csv""}]",12_R24FG_HM_Individual_GNV_initial_codes.csv
Feedback on Presentation,"Participants provide feedback on the presentation style and content of clinical trial information, seeking improvements.",,"[""Feedback on Presentation""]","[{""text"": ""[{\""text\"": \""My initial reaction was, 'Boring.' The layout is terrible.\"", \""source\"": \""7_R24FG_HF_Group_GNV_initial_codes.csv\""}]"", ""source"": ""7_R24FG_HF_Group_GNV_initial_codes.csv""}]",7_R24FG_HF_Group_GNV_initial_codes.csv
Feedback on Resources,The goal of providing constructive feedback on health resources to improve their effectiveness.,,"[""Feedback on Resources""]","[{""text"": ""[{\""text\"": \""I think it was very well thought, very well thought out.\"", \""source\"": \""10_R24FG_HM_Individual_GNV_initial_codes.csv\""}]"", ""source"": ""10_R24FG_HM_Individual_GNV_initial_codes.csv""}]",10_R24FG_HM_Individual_GNV_initial_codes.csv
Feedback on Virtual Human,The user provides feedback on the virtual human's presentation and effectiveness.,,"[""Feedback on Virtual Human""]","[{""text"": ""[{\""text\"": \""He was very well-manicured and like an actor.\"", \""source\"": \""8_R24FG_HF_Individual_GNV_initial_codes.csv\""}]"", ""source"": ""8_R24FG_HF_Individual_GNV_initial_codes.csv""}]",8_R24FG_HF_Individual_GNV_initial_codes.csv
Feedback on Virtual Human Interaction,The user provides feedback on the effectiveness of virtual human interactions in conveying information.,,"[""Feedback on Virtual Human Interaction""]","[{""text"": ""[{\""text\"": \""I thought, yes. The virtual human was able to convey that well.\"", \""source\"": \""15_R24FG_WF_Individual_GNV_initial_codes.csv\""}]"", ""source"": ""15_R24FG_WF_Individual_GNV_initial_codes.csv""}]",15_R24FG_WF_Individual_GNV_initial_codes.csv
Financial Considerations,The participant is concerned about the financial implications of participating in clinical trials.,,"[""Financial Considerations""]","[{""text"": ""[{\""text\"": \""The trial was asking me to change my medication. However, financially, they were not supporting the change.\"", \""source\"": \""12_R24FG_HM_Individual_GNV_initial_codes.csv\""}]"", ""source"": ""12_R24FG_HM_Individual_GNV_initial_codes.csv""}]",12_R24FG_HM_Individual_GNV_initial_codes.csv
Find Research Studies,Users aim to locate relevant research studies based on their health conditions and interests through a user-friendly interface.,,"[""Find Research Studies""]","[{""text"": ""[{\""text\"": \""You just follow the, how many you input is, heart disease or lung disease or and I will take you to the different studies available.\"", \""source\"": \""13_R24FG_HM_Group_FIU_initial_codes.csv\""}]"", ""source"": ""13_R24FG_HM_Group_FIU_initial_codes.csv""}]",13_R24FG_HM_Group_FIU_initial_codes.csv
Font Size Adjustment,"Users want the ability to adjust font sizes for better readability, especially for those with visual impairments.",,"[""Font Size Adjustment""]","[{""text"": ""[{\""text\"": \""I sometimes have issues with it, you know, the size of the font.\"", \""source\"": \""13_R24FG_HM_Group_FIU_initial_codes.csv\""}]"", ""source"": ""13_R24FG_HM_Group_FIU_initial_codes.csv""}]",13_R24FG_HM_Group_FIU_initial_codes.csv
Frustration with Finding Trials,"The user feels frustrated by the difficulty in locating clinical trials, highlighting a gap in available resources.",,"[""Frustration with Finding Trials""]","[{""text"": ""[{\""text\"": \""I spent some time, hours and hours, looking for trials. And they were hard to find.\"", \""source\"": \""5_R24FG_HM_Group_GNV_initial_codes.csv\""}]"", ""source"": ""5_R24FG_HM_Group_GNV_initial_codes.csv""}]",5_R24FG_HM_Group_GNV_initial_codes.csv
General Interest in Health Resources,"The user shows a general interest in health-related resources, indicating a proactive approach to managing their health.",,"[""General Interest in Health Resources""]","[{""text"": ""[{\""text\"": \""It sounds like it could be useful.\"", \""source\"": \""5_R24FG_HM_Group_GNV_initial_codes.csv\""}]"", ""source"": ""5_R24FG_HM_Group_GNV_initial_codes.csv""}]",5_R24FG_HM_Group_GNV_initial_codes.csv
Group Dynamics,Participants value the benefits of group discussions in understanding research studies.,,"[""Group Dynamics""]","[{""text"": ""[{\""text\"": \""I think the group is good because you can feed off other people's questions and their knowledge.\"", \""source\"": \""17_R24FG_WM_Group_Villages_initial_codes.csv\""}]"", ""source"": ""17_R24FG_WM_Group_Villages_initial_codes.csv""}]",17_R24FG_WM_Group_Villages_initial_codes.csv
Health Condition Filtering,Users desire the ability to filter research studies based on specific health conditions.,,"[""Health Condition Filtering""]","[{""text"": ""[{\""text\"": \""If I wanted something just on my disease in my thumb, I want to have a field, filter that I can put in there.\"", \""source\"": \""17_R24FG_WM_Group_Villages_initial_codes.csv\""}]"", ""source"": ""17_R24FG_WM_Group_Villages_initial_codes.csv""}]",17_R24FG_WM_Group_Villages_initial_codes.csv
Health Education Resources,Users seek educational resources that inform them about health options and clinical trials.,,"[""Health Education Resources""]","[{""text"": ""[{\""text\"": \""This is something that they will be helpful even for right now you're on the medication.\"", \""source\"": \""13_R24FG_HM_Group_FIU_initial_codes.csv\""}]"", ""source"": ""13_R24FG_HM_Group_FIU_initial_codes.csv""}]",13_R24FG_HM_Group_FIU_initial_codes.csv
Health Improvement Motivation,The participant is motivated to join trials that could potentially improve their health.,,"[""Health Improvement Motivation""]","[{""text"": ""[{\""text\"": \""First and foremost, something that could help me with my health.\"", \""source\"": \""12_R24FG_HM_Individual_GNV_initial_codes.csv\""}]"", ""source"": ""12_R24FG_HM_Individual_GNV_initial_codes.csv""}]",12_R24FG_HM_Individual_GNV_initial_codes.csv
Health Prioritization in Trials,Users emphasize the importance of prioritizing personal health and addressing health concerns in clinical trials.,"These codes were merged because both highlight the significance of personal health considerations in clinical trial participation, reflecting users' concerns about their well-being and family health history.","[""Prioritize Personal Health"", ""Personal Health Concerns""]","[{""text"": ""[{\""text\"": \""I think it\\u2019s important to know that it is always your choice to participate in a research study.\"", \""source\"": \""3_R24FG_CF_Group_Villages_initial_codes.csv\""}, {\""text\"": \""I have a history of Alzheimer's in my family... I was very concerned about how I and my siblings would function.\"", \""source\"": \""10_R24FG_HM_Individual_GNV_initial_codes.csv\""}]"", ""source"": ""3_R24FG_CF_Group_Villages_initial_codes.csv, 10_R24FG_HM_Individual_GNV_initial_codes.csv""}]","3_R24FG_CF_Group_Villages_initial_codes.csv, 10_R24FG_HM_Individual_GNV_initial_codes.csv"
Health Problem Resolution,The participant values clinical trials for their potential to resolve health issues and improve personal health.,,"[""Health Problem Resolution""]","[{""text"": ""[{\""text\"": \""I think it'd be a positive feeling to find out what's, you know, if you have something wrong.\"", \""source\"": \""16_R24FG_WF_Individual_GNV_initial_codes.csv\""}]"", ""source"": ""16_R24FG_WF_Individual_GNV_initial_codes.csv""}]",16_R24FG_WF_Individual_GNV_initial_codes.csv
Immediate Test Results,Users appreciate timely access to test results to alleviate anxiety while waiting for doctor appointments.,,"[""Immediate Test Results""]","[{""text"": ""[{\""text\"": \""I like that if I have a blood test... I can look at and see what the result is.\"", \""source\"": \""17_R24FG_WM_Group_Villages_initial_codes.csv\""}]"", ""source"": ""17_R24FG_WM_Group_Villages_initial_codes.csv""}]",17_R24FG_WM_Group_Villages_initial_codes.csv
Importance of Cultural Representation,Users want to see representatives who reflect their cultural background to foster connection and trust.,,"[""Importance of Cultural Representation""]","[{""text"": ""[{\""text\"": \""I want to hear because it\\u2019s not, this is just someone who is getting paid to.\"", \""source\"": \""6_R24FG_HF_Group_Mayo_initial_codes.csv\""}]"", ""source"": ""6_R24FG_HF_Group_Mayo_initial_codes.csv""}]",6_R24FG_HF_Group_Mayo_initial_codes.csv
Importance of Sensitivity in Health Communication,Users emphasize the need for sensitivity when conveying health-related information.,,"[""Importance of Sensitivity in Health Communication""]","[{""text"": ""[{\""text\"": \""They need to be very careful how they, you know, they talk to Hispanic, especially.\"", \""source\"": \""6_R24FG_HF_Group_Mayo_initial_codes.csv\""}]"", ""source"": ""6_R24FG_HF_Group_Mayo_initial_codes.csv""}]",6_R24FG_HF_Group_Mayo_initial_codes.csv
Improve User Experience,Users want a more engaging and interactive experience when learning about clinical trials.,,"[""Improve User Experience""]","[{""text"": ""[{\""text\"": \""I\\u2019d like to know what the rest have to say.\"", \""source\"": \""3_R24FG_CF_Group_Villages_initial_codes.csv\""}]"", ""source"": ""3_R24FG_CF_Group_Villages_initial_codes.csv""}]",3_R24FG_CF_Group_Villages_initial_codes.csv
Improve Visual Design,Users suggest enhancing the visual appeal of the application to make it more engaging and easier to navigate.,,"[""Improve Visual Design""]","[{""text"": ""[{\""text\"": \""It was like bare text, or just white, like a white background and bare text.\"", \""source\"": \""13_R24FG_HM_Group_FIU_initial_codes.csv\""}]"", ""source"": ""13_R24FG_HM_Group_FIU_initial_codes.csv""}]",13_R24FG_HM_Group_FIU_initial_codes.csv
Improved Avatar Presentation,"Users prefer avatars that show more than just the face, enhancing the overall presentation.",,"[""Improved Avatar Presentation""]","[{""text"": ""[{\""text\"": \""Show more of the person's, at least, upper body instead of just the face, so it looks more-\"", \""source\"": \""3_R24FG_CF_Group_Villages_initial_codes.csv\""}]"", ""source"": ""3_R24FG_CF_Group_Villages_initial_codes.csv""}]",3_R24FG_CF_Group_Villages_initial_codes.csv
Improving Medical Practices,Participants seek to understand how clinical studies can lead to improvements in diagnosing and treating illnesses.,,"[""Improving Medical Practices""]","[{""text"": ""[{\""text\"": \""The medical industry is always looking for ways to improve, you know, diagnosing certain illnesses.\"", \""source\"": \""13_R24FG_HM_Group_FIU_initial_codes.csv\""}]"", ""source"": ""13_R24FG_HM_Group_FIU_initial_codes.csv""}]",13_R24FG_HM_Group_FIU_initial_codes.csv
Information Resource Recommendation,Users feel comfortable recommending informational resources like Alex to others for understanding clinical trials.,,"[""Information Resource Recommendation""]","[{""text"": ""[{\""text\"": \""I'd be very comfortable letting them know that there's something out there that can help them.\"", \""source\"": \""4_R24FG_CF_Group_Villages_initial_codes.csv\""}]"", ""source"": ""4_R24FG_CF_Group_Villages_initial_codes.csv""}]",4_R24FG_CF_Group_Villages_initial_codes.csv
Information Sharing Capability,Users want the ability to easily share relevant research study information with others.,,"[""Information Sharing Capability""]","[{""text"": ""[{\""text\"": \""Once you filter it down have the ability to share.\"", \""source\"": \""17_R24FG_WM_Group_Villages_initial_codes.csv\""}]"", ""source"": ""17_R24FG_WM_Group_Villages_initial_codes.csv""}]",17_R24FG_WM_Group_Villages_initial_codes.csv
Informed Decision Making,The goal of making informed health decisions based on comprehensive medical information.,,"[""Informed Decision Making""]","[{""text"": ""[{\""text\"": \""If anything can be a red flag, it will certainly come to the forefront.\"", \""source\"": \""9_R24FG_WF_Individual_GNV_initial_codes.csv\""}]"", ""source"": ""9_R24FG_WF_Individual_GNV_initial_codes.csv""}]",9_R24FG_WF_Individual_GNV_initial_codes.csv
Integrated Health Records,Users desire a unified health record system that consolidates information from multiple providers.,,"[""Integrated Health Records""]","[{""text"": ""[{\""text\"": \""I have to rely on the fact that he may or may not forward that information to my primary.\"", \""source\"": \""17_R24FG_WM_Group_Villages_initial_codes.csv\""}]"", ""source"": ""17_R24FG_WM_Group_Villages_initial_codes.csv""}]",17_R24FG_WM_Group_Villages_initial_codes.csv
Integration of Resources,The participant supports the integration of clinical trial information within their health management system.,,"[""Integration of Resources""]","[{""text"": ""[{\""text\"": \""If you can interact with the [university name] health system, that would be great.\"", \""source\"": \""12_R24FG_HM_Individual_GNV_initial_codes.csv\""}]"", ""source"": ""12_R24FG_HM_Individual_GNV_initial_codes.csv""}]",12_R24FG_HM_Individual_GNV_initial_codes.csv
Integration of Technology in Healthcare,The user supports the integration of technology in healthcare to improve patient experiences.,,"[""Integration of Technology in Healthcare""]","[{""text"": ""[{\""text\"": \""I would love to see that. That's awesome.\"", \""source\"": \""9_R24FG_WF_Individual_GNV_initial_codes.csv\""}]"", ""source"": ""9_R24FG_WF_Individual_GNV_initial_codes.csv""}]",9_R24FG_WF_Individual_GNV_initial_codes.csv
Integration with Health Systems,The user seeks integration of clinical trial information with existing health management systems.,,"[""Integration with Health Systems""]","[{""text"": ""[{\""text\"": \""If you put it onto [patient portal name], that would be extremely useful.\"", \""source\"": \""8_R24FG_HF_Individual_GNV_initial_codes.csv\""}]"", ""source"": ""8_R24FG_HF_Individual_GNV_initial_codes.csv""}]",8_R24FG_HF_Individual_GNV_initial_codes.csv
Interactive Question Reference Guide,Users prefer an interactive guide that allows them to select questions to discuss with their healthcare providers.,,"[""Interactive Question Reference Guide""]","[{""text"": ""[{\""text\"": \""Questions Reference Guide, and then you have 'printable,' so then it\\u2019s not interactive.\"", \""source\"": \""3_R24FG_CF_Group_Villages_initial_codes.csv\""}]"", ""source"": ""3_R24FG_CF_Group_Villages_initial_codes.csv""}]",3_R24FG_CF_Group_Villages_initial_codes.csv
Interest in AI Integration,"Users are curious about how AI can enhance their healthcare experience, particularly in providing personalized recommendations.",,"[""Interest in AI Integration""]","[{""text"": ""[{\""text\"": \""So, it would have to know our personal records to be able to tell us that?\"", \""source\"": \""14_R24FG_WF_Group_GNV_initial_codes.csv\""}]"", ""source"": ""14_R24FG_WF_Group_GNV_initial_codes.csv""}]",14_R24FG_WF_Group_GNV_initial_codes.csv
Interest in Clinical Trials,Participants express a willingness to explore and engage in clinical trials as potential treatment options.,"These codes were merged due to their overlapping themes of interest and willingness to participate in clinical trials, highlighting a common perspective among participants.","[""Interest in Clinical Trials"", ""Interest in Clinical Trials"", ""Interest in Clinical Trials""]","[{""text"": ""[{\""text\"": \""It would be good, yeah, if I do be eligible to do that.\"", \""source\"": \""5_R24FG_HM_Group_GNV_initial_codes.csv\""}, {\""text\"": \""I thought it would be interesting. I had no reason to not do it.\"", \""source\"": \""15_R24FG_WF_Individual_GNV_initial_codes.csv\""}]"", ""source"": ""5_R24FG_HM_Group_GNV_initial_codes.csv, 15_R24FG_WF_Individual_GNV_initial_codes.csv""}, {""text"": ""[{\""text\"": \""I wish that there had been something like that a year or so ago that would actually find all these clinical trials in one place.\"", \""source\"": \""5_R24FG_HM_Group_GNV_initial_codes.csv\""}]"", ""source"": ""5_R24FG_HM_Group_GNV_initial_codes.csv""}, {""text"": ""[{\""text\"": \""I'd be very positively oriented toward it.\"", \""source\"": \""4_R24FG_CF_Group_Villages_initial_codes.csv\""}]"", ""source"": ""4_R24FG_CF_Group_Villages_initial_codes.csv""}]","5_R24FG_HM_Group_GNV_initial_codes.csv, 4_R24FG_CF_Group_Villages_initial_codes.csv, 5_R24FG_HM_Group_GNV_initial_codes.csv, 15_R24FG_WF_Individual_GNV_initial_codes.csv"
Interest in Collaborative Research,Participants recognize the collaborative nature of clinical trials and the potential benefits for future generations.,,"[""Interest in Collaborative Research""]","[{""text"": ""[{\""text\"": \""It's a collaborative effort nationwide.\"", \""source\"": \""1_R24FG_BF_Group_UF_initial_codes.csv\""}]"", ""source"": ""1_R24FG_BF_Group_UF_initial_codes.csv""}]",1_R24FG_BF_Group_UF_initial_codes.csv
Interest in Comprehensive Resources,"The user values having a centralized resource for clinical trials, indicating a need for comprehensive information.",,"[""Interest in Comprehensive Resources""]","[{""text"": ""[{\""text\"": \""I think there are a lot of people that are... in a quandary about what treatment to do.\"", \""source\"": \""5_R24FG_HM_Group_GNV_initial_codes.csv\""}]"", ""source"": ""5_R24FG_HM_Group_GNV_initial_codes.csv""}]",5_R24FG_HM_Group_GNV_initial_codes.csv
Interest in Educational Resources,The participant appreciates educational resources that provide information about clinical trials.,,"[""Interest in Educational Resources""]","[{""text"": ""[{\""text\"": \""It was informative and tells you, you know, what, why they do the research.\"", \""source\"": \""16_R24FG_WF_Individual_GNV_initial_codes.csv\""}]"", ""source"": ""16_R24FG_WF_Individual_GNV_initial_codes.csv""}]",16_R24FG_WF_Individual_GNV_initial_codes.csv
Interest in Local Studies,The user is particularly interested in studies that are local and accessible to them.,,"[""Interest in Local Studies""]","[{""text"": ""[{\""text\"": \""If you can participate in, say a study locally, or do you have to go somewhere else to do that.\"", \""source\"": \""15_R24FG_WF_Individual_GNV_initial_codes.csv\""}]"", ""source"": ""15_R24FG_WF_Individual_GNV_initial_codes.csv""}]",15_R24FG_WF_Individual_GNV_initial_codes.csv
Interest in Personalization,"The goal is to have personalized interactions, including the appearance of virtual health resources.",,"[""Interest in Personalization""]","[{""text"": ""[{\""text\"": \""I thought I was going to choose one... someone that looked more like me.\"", \""source\"": \""2_R24FG_BF_Individual_GNV_initial_codes.csv\""}]"", ""source"": ""2_R24FG_BF_Individual_GNV_initial_codes.csv""}]",2_R24FG_BF_Individual_GNV_initial_codes.csv
Interest in Preventative Research,The user expresses a desire to learn about studies focused on cancer prevention.,,"[""Interest in Preventative Research""]","[{""text"": ""[{\""text\"": \""I\\u2019d like to know more about studies that prevent cancer.\"", \""source\"": \""9_R24FG_WF_Individual_GNV_initial_codes.csv\""}]"", ""source"": ""9_R24FG_WF_Individual_GNV_initial_codes.csv""}]",9_R24FG_WF_Individual_GNV_initial_codes.csv
Interest in Research Outcomes,Participants are interested in the outcomes of research studies and how they impact future treatments.,,"[""Interest in Research Outcomes""]","[{""text"": ""[{\""text\"": \""For me, it had to deal with if this particular medicine can help future cancer patients.\"", \""source\"": \""4_R24FG_CF_Group_Villages_initial_codes.csv\""}]"", ""source"": ""4_R24FG_CF_Group_Villages_initial_codes.csv""}]",4_R24FG_CF_Group_Villages_initial_codes.csv
Interest in Research Registries,Participants express interest in joining research registries for potential health benefits and access to studies.,"These codes were merged due to their overlapping themes of participant interest in research registries for health-related benefits, emphasizing both personal and communal motivations.","[""Interest in Research Registry"", ""Interest in Research Registries"", ""Interest in Research Registries""]","[{""text"": ""[{\""text\"": \""I would do it if I thought it could help somebody else.\"", \""source\"": \""16_R24FG_WF_Individual_GNV_initial_codes.csv\""}, {\""text\"": \""I just say yes because I have the opportunity to say no, or yes, I\\u2019m not obligated.\"", \""source\"": \""7_R24FG_HF_Group_GNV_initial_codes.csv\""}, {\""text\"": \""I will really consider doing it. I never have been asked, but if I do I will really consider it.\"", \""source\"": \""13_R24FG_HM_Group_FIU_initial_codes.csv\""}]"", ""source"": ""16_R24FG_WF_Individual_GNV_initial_codes.csv, 7_R24FG_HF_Group_GNV_initial_codes.csv, 13_R24FG_HM_Group_FIU_initial_codes.csv""}, {""text"": ""[{\""text\"": \""I think I have, maybe for a specific, so I know, I have a friend who is a retired black firefighter.\"", \""source\"": \""6_R24FG_HF_Group_Mayo_initial_codes.csv\""}]"", ""source"": ""6_R24FG_HF_Group_Mayo_initial_codes.csv""}]","6_R24FG_HF_Group_Mayo_initial_codes.csv, 16_R24FG_WF_Individual_GNV_initial_codes.csv, 7_R24FG_HF_Group_GNV_initial_codes.csv, 13_R24FG_HM_Group_FIU_initial_codes.csv"
Language Options,Users express the need for multilingual support to accommodate non-English speakers and enhance inclusivity.,,"[""Language Options""]","[{""text"": ""[{\""text\"": \""To add a translator to non-English speaker so maybe you can have a different option for language.\"", \""source\"": \""13_R24FG_HM_Group_FIU_initial_codes.csv\""}]"", ""source"": ""13_R24FG_HM_Group_FIU_initial_codes.csv""}]",13_R24FG_HM_Group_FIU_initial_codes.csv
Learning About Genetics,The goal of understanding genetic factors that influence personal health and preferences.,,"[""Learning About Genetics""]","[{""text"": ""[{\""text\"": \""They went off on this whole tangent about tastebuds.\"", \""source\"": \""9_R24FG_WF_Individual_GNV_initial_codes.csv\""}]"", ""source"": ""9_R24FG_WF_Individual_GNV_initial_codes.csv""}]",9_R24FG_WF_Individual_GNV_initial_codes.csv
Location-Based Filtering,Users want to filter research studies based on their geographical location.,,"[""Location-Based Filtering""]","[{""text"": ""[{\""text\"": \""Where it is, location, how far you\\u2019d be willing to travel.\"", \""source\"": \""17_R24FG_WM_Group_Villages_initial_codes.csv\""}]"", ""source"": ""17_R24FG_WM_Group_Villages_initial_codes.csv""}]",17_R24FG_WM_Group_Villages_initial_codes.csv
Long-Term Commitment,The understanding that participation in clinical trials may require a long-term commitment.,,"[""Long-Term Commitment""]","[{""text"": ""[{\""text\"": \""We have studies going on here where I work that go into ten, fifteen years.\"", \""source\"": \""11_R24FG_HM_Individual_GNV_initial_codes.csv\""}]"", ""source"": ""11_R24FG_HM_Individual_GNV_initial_codes.csv""}]",11_R24FG_HM_Individual_GNV_initial_codes.csv
Manage Health Information Online,"Users aim to efficiently manage their personal health information online, including appointments and test results.",,"[""Manage Health Information Online""]","[{""text"": ""[{\""text\"": \""I feel comfortable doing that. It\\u2019s really easy.\"", \""source\"": \""13_R24FG_HM_Group_FIU_initial_codes.csv\""}]"", ""source"": ""13_R24FG_HM_Group_FIU_initial_codes.csv""}]",13_R24FG_HM_Group_FIU_initial_codes.csv
Mental Health Support,The recognition that clinical trials can provide mental health benefits alongside physical health improvements.,,"[""Mental Health Support""]","[{""text"": ""[{\""text\"": \""They can help people not only physically, but mentally as well.\"", \""source\"": \""11_R24FG_HM_Individual_GNV_initial_codes.csv\""}]"", ""source"": ""11_R24FG_HM_Individual_GNV_initial_codes.csv""}]",11_R24FG_HM_Individual_GNV_initial_codes.csv
Mobile App Preference,Users prefer accessing the application via a mobile app for convenience and ease of use.,,"[""Mobile App Preference""]","[{""text"": ""[{\""text\"": \""Yeah, I think an app on the phone would be great.\"", \""source\"": \""13_R24FG_HM_Group_FIU_initial_codes.csv\""}]"", ""source"": ""13_R24FG_HM_Group_FIU_initial_codes.csv""}]",13_R24FG_HM_Group_FIU_initial_codes.csv
Monitoring During Trials,The participant wants assurance that their health will be closely monitored during a trial.,,"[""Monitoring During Trials""]","[{""text"": ""[{\""text\"": \""What I found really missing there is to add a comment that you will be monitored.\"", \""source\"": \""12_R24FG_HM_Individual_GNV_initial_codes.csv\""}]"", ""source"": ""12_R24FG_HM_Individual_GNV_initial_codes.csv""}]",12_R24FG_HM_Individual_GNV_initial_codes.csv
Motivation for Participation,Participants are driven by personal or family health concerns to engage in research and are willing to participate if eligible.,These codes were merged because both highlight the influence of personal and familial health issues on an individual's willingness to participate in research.,"[""Personal Motivation"", ""Willingness to Participate""]","[{""text"": ""[{\""text\"": \""If there was something that was affecting a member of my family or myself personally, then I would be more inclined to participate.\"", \""source\"": \""13_R24FG_HM_Group_FIU_initial_codes.csv\""}, {\""text\"": \""Oh, I would definitely say yes.\"", \""source\"": \""9_R24FG_WF_Individual_GNV_initial_codes.csv\""}]"", ""source"": ""13_R24FG_HM_Group_FIU_initial_codes.csv, 9_R24FG_WF_Individual_GNV_initial_codes.csv""}]","13_R24FG_HM_Group_FIU_initial_codes.csv, 9_R24FG_WF_Individual_GNV_initial_codes.csv"
Motivation for Research Contribution,The desire to aid scientific knowledge and future medical advancements through participation in clinical trials.,These codes were merged due to their shared focus on altruistic motivations and the intention to contribute to medical research for the benefit of future patients.,"[""Altruistic Motivation"", ""Contributing to Future Research"", ""Data Contribution""]","[{""text"": ""[{\""text\"": \""You want to help humanity and... help the scientists learn more so that other people could possibly benefit.\"", \""source\"": \""10_R24FG_HM_Individual_GNV_initial_codes.csv\""}, {\""text\"": \""I may be helping somebody younger than me or older in a disease that they wouldn't have that information otherwise.\"", \""source\"": \""4_R24FG_CF_Group_Villages_initial_codes.csv\""}, {\""text\"": \""An avenue to gather data and information, uh, for future use in publications for medical research.\"", \""source\"": \""11_R24FG_HM_Individual_GNV_initial_codes.csv\""}]"", ""source"": ""10_R24FG_HM_Individual_GNV_initial_codes.csv, 4_R24FG_CF_Group_Villages_initial_codes.csv, 11_R24FG_HM_Individual_GNV_initial_codes.csv""}]","10_R24FG_HM_Individual_GNV_initial_codes.csv, 4_R24FG_CF_Group_Villages_initial_codes.csv, 11_R24FG_HM_Individual_GNV_initial_codes.csv"
Multilingual Options,Users express interest in having multilingual options for broader accessibility.,,"[""Multilingual Options""]","[{""text"": ""[{\""text\"": \""Oh, yeah, if it was multilingual. That would be great.\"", \""source\"": \""17_R24FG_WM_Group_Villages_initial_codes.csv\""}]"", ""source"": ""17_R24FG_WM_Group_Villages_initial_codes.csv""}]",17_R24FG_WM_Group_Villages_initial_codes.csv
Multilingual Support,Users express the need for multilingual options to cater to diverse populations.,,"[""Multilingual Support""]","[{""text"": ""[{\""text\"": \""I think that would be more credibility to your research to people who... want to hear it in something you\\u2019re more comfortable.\"", \""source\"": \""3_R24FG_CF_Group_Villages_initial_codes.csv\""}]"", ""source"": ""3_R24FG_CF_Group_Villages_initial_codes.csv""}]",3_R24FG_CF_Group_Villages_initial_codes.csv
Navigating Health Technology,The aim to effectively use health technology platforms for managing personal health information.,,"[""Navigating Health Technology""]","[{""text"": ""[{\""text\"": \""I use MyChart frequently... I find that my physicians respond to me very quickly.\"", \""source\"": \""10_R24FG_HM_Individual_GNV_initial_codes.csv\""}]"", ""source"": ""10_R24FG_HM_Individual_GNV_initial_codes.csv""}]",10_R24FG_HM_Individual_GNV_initial_codes.csv
Navigating Healthcare Systems,Users face challenges in navigating healthcare systems and accessing their doctors efficiently.,,"[""Navigating Healthcare Systems""]","[{""text"": ""[{\""text\"": \""It's very hard now to get to see any doctor.\"", \""source\"": \""4_R24FG_CF_Group_Villages_initial_codes.csv\""}]"", ""source"": ""4_R24FG_CF_Group_Villages_initial_codes.csv""}]",4_R24FG_CF_Group_Villages_initial_codes.csv
Need for Clarity on Clinical Trials,The user desires clear explanations about clinical trials to better understand their options.,,"[""Need for Clarity on Clinical Trials""]","[{""text"": ""[{\""text\"": \""I don't really understand yet what resource Alex is.\"", \""source\"": \""5_R24FG_HM_Group_GNV_initial_codes.csv\""}]"", ""source"": ""5_R24FG_HM_Group_GNV_initial_codes.csv""}]",5_R24FG_HM_Group_GNV_initial_codes.csv
Need for Clarity on Trials,Users seek clear information about the nature and purpose of clinical trials before participating.,,"[""Need for Clarity on Trials""]","[{""text"": ""[{\""text\"": \""It can be totally unrelated.\"", \""source\"": \""4_R24FG_CF_Group_Villages_initial_codes.csv\""}]"", ""source"": ""4_R24FG_CF_Group_Villages_initial_codes.csv""}]",4_R24FG_CF_Group_Villages_initial_codes.csv
Need for Clear and Confident Communication,Users seek clear and confident communication from experts to feel reassured.,,"[""Need for Clear and Confident Communication""]","[{""text"": ""[{\""text\"": \""I need a person who is serious, is look, uh, confident.\"", \""source\"": \""6_R24FG_HF_Group_Mayo_initial_codes.csv\""}]"", ""source"": ""6_R24FG_HF_Group_Mayo_initial_codes.csv""}]",6_R24FG_HF_Group_Mayo_initial_codes.csv
Need for Comprehensive Follow-Up,Participants seek consolidated health resources and follow-up information to enhance understanding and engagement with clinical trials.,"These codes were merged because they both emphasize the importance of comprehensive information and follow-up support in healthcare interactions, particularly regarding clinical trials.","[""Need for Comprehensive Resources"", ""Need for Follow-Up Information"", ""Interest in Follow-Up Questions""]","[{""text"": ""[{\""text\"": \""It would be better if all the hospital, all the systems, health Florida systems be in one place.\"", \""source\"": \""5_R24FG_HM_Group_GNV_initial_codes.csv\""}, {\""text\"": \""I think I've said that... a little shorter and more to the point.\"", \""source\"": \""15_R24FG_WF_Individual_GNV_initial_codes.csv\""}, {\""text\"": \""I like the fact that they could like, send it through MyChart.\"", \""source\"": \""14_R24FG_WF_Group_GNV_initial_codes.csv\""}]"", ""source"": ""5_R24FG_HM_Group_GNV_initial_codes.csv, 15_R24FG_WF_Individual_GNV_initial_codes.csv, 14_R24FG_WF_Group_GNV_initial_codes.csv""}]","5_R24FG_HM_Group_GNV_initial_codes.csv, 15_R24FG_WF_Individual_GNV_initial_codes.csv, 14_R24FG_WF_Group_GNV_initial_codes.csv"
Need for Empathy in Communication,"Users emphasize the importance of empathy and warmth in communication, especially regarding sensitive topics.",,"[""Need for Empathy in Communication""]","[{""text"": ""[{\""text\"": \""You need the person with a positive vibe to do the best they can.\"", \""source\"": \""6_R24FG_HF_Group_Mayo_initial_codes.csv\""}]"", ""source"": ""6_R24FG_HF_Group_Mayo_initial_codes.csv""}]",6_R24FG_HF_Group_Mayo_initial_codes.csv
Need for Engaging Presentation,Participants desire engaging and relatable presentations of health information.,,"[""Need for Engaging Presentation""]","[{""text"": ""[{\""text\"": \""I would prefer if it was a video and not an AI generation.\"", \""source\"": \""6_R24FG_HF_Group_Mayo_initial_codes.csv\""}]"", ""source"": ""6_R24FG_HF_Group_Mayo_initial_codes.csv""}]",6_R24FG_HF_Group_Mayo_initial_codes.csv
Need for Family Support,The participant relies on family members for assistance with managing health information and appointments.,,"[""Need for Family Support""]","[{""text"": ""[{\""text\"": \""If I\\u2019d gotten it on email, I could get my daughter or somebody, you know, print it for me.\"", \""source\"": \""16_R24FG_WF_Individual_GNV_initial_codes.csv\""}]"", ""source"": ""16_R24FG_WF_Individual_GNV_initial_codes.csv""}]",16_R24FG_WF_Individual_GNV_initial_codes.csv
Need for Financial Clarity,The interviewee expresses a desire for clarity regarding the financial implications of participating in clinical trials.,,"[""Need for Financial Clarity""]","[{""text"": ""[{\""text\"": \""Some people think it is covered if you participate in a trial.\"", \""source\"": \""14_R24FG_WF_Group_GNV_initial_codes.csv\""}]"", ""source"": ""14_R24FG_WF_Group_GNV_initial_codes.csv""}]",14_R24FG_WF_Group_GNV_initial_codes.csv
Need for Follow-Up,Participants value follow-up communication from study teams to feel respected and informed about their contributions.,,"[""Need for Follow-Up""]","[{""text"": ""[{\""text\"": \""You feel kind of disrespected when they don't follow up with you.\"", \""source\"": \""7_R24FG_HF_Group_GNV_initial_codes.csv\""}]"", ""source"": ""7_R24FG_HF_Group_GNV_initial_codes.csv""}]",7_R24FG_HF_Group_GNV_initial_codes.csv
Need for More Information,Participants express a desire for more accessible information about clinical trials and their potential benefits.,,"[""Need for More Information""]","[{""text"": ""[{\""text\"": \""I think that, you know, if I had a physician who I trusted, just like what everybody else was saying, I would probably try to go forward.\"", \""source\"": \""1_R24FG_BF_Group_UF_initial_codes.csv\""}]"", ""source"": ""1_R24FG_BF_Group_UF_initial_codes.csv""}]",1_R24FG_BF_Group_UF_initial_codes.csv
Need for Options in Communication,Users want the option to choose between AI tools and human interaction based on their needs.,,"[""Need for Options in Communication""]","[{""text"": ""[{\""text\"": \""I'd like to have the option if I have additional questions that I can pick up the phone and talk to a doctor.\"", \""source\"": \""6_R24FG_HF_Group_Mayo_initial_codes.csv\""}]"", ""source"": ""6_R24FG_HF_Group_Mayo_initial_codes.csv""}]",6_R24FG_HF_Group_Mayo_initial_codes.csv
Need for Reassurance,Participants seek reassurance about the safety and benefits of participating in clinical trials.,,"[""Need for Reassurance""]","[{""text"": ""[{\""text\"": \""If you're trying to convince someone to join your study, you've got to give them one reassurance that this is a safe thing for you to do.\"", \""source\"": \""4_R24FG_CF_Group_Villages_initial_codes.csv\""}]"", ""source"": ""4_R24FG_CF_Group_Villages_initial_codes.csv""}]",4_R24FG_CF_Group_Villages_initial_codes.csv
Negative Feelings about Trials,"Participants express mixed feelings about clinical trials, highlighting both positive and negative experiences that shape their perceptions.",,"[""Negative Feelings about Trials""]","[{""text"": ""[{\""text\"": \""I would say some positive, some negative, so it balances it out.\"", \""source\"": \""7_R24FG_HF_Group_GNV_initial_codes.csv\""}]"", ""source"": ""7_R24FG_HF_Group_GNV_initial_codes.csv""}]",7_R24FG_HF_Group_GNV_initial_codes.csv
Overcoming Fear,The goal of addressing and overcoming fears associated with participating in clinical trials.,,"[""Overcoming Fear""]","[{""text"": ""[{\""text\"": \""A tool like this could help people manage their fear of trials.\"", \""source\"": \""11_R24FG_HM_Individual_GNV_initial_codes.csv\""}]"", ""source"": ""11_R24FG_HM_Individual_GNV_initial_codes.csv""}]",11_R24FG_HM_Individual_GNV_initial_codes.csv
Participating Altruistically,"The goal is to contribute to medical research for the benefit of others, even if personal gain is not immediate.",,"[""Participating Altruistically""]","[{""text"": ""[{\""text\"": \""If I can help someone else, perhaps even me, in the long run, feel less pain, then I've wanted to do it.\"", \""source\"": \""2_R24FG_BF_Individual_GNV_initial_codes.csv\""}]"", ""source"": ""2_R24FG_BF_Individual_GNV_initial_codes.csv""}]",2_R24FG_BF_Individual_GNV_initial_codes.csv
Patient-Centric Communication,Emphasizes the importance of patient autonomy and personal connection in healthcare decision-making and information sharing.,"These codes were merged because they both highlight the significance of patient involvement and emotional engagement in healthcare, promoting informed choices and trust.","[""Value of Patient Autonomy"", ""Importance of Personal Connection""]","[{""text"": ""[{\""text\"": \""Your decision to participate will never change the way your doctors or your team care for you.\"", \""source\"": \""14_R24FG_WF_Group_GNV_initial_codes.csv\""}, {\""text\"": \""She gave you, it was more inviting, and I would want to listen to what you're saying.\"", \""source\"": \""6_R24FG_HF_Group_Mayo_initial_codes.csv\""}]"", ""source"": ""14_R24FG_WF_Group_GNV_initial_codes.csv, 6_R24FG_HF_Group_Mayo_initial_codes.csv""}]","14_R24FG_WF_Group_GNV_initial_codes.csv, 6_R24FG_HF_Group_Mayo_initial_codes.csv"
Patient-Physician Relationship,The importance of a strong rapport with healthcare providers for effective treatment and participation in studies.,,"[""Patient-Physician Relationship""]","[{""text"": ""[{\""text\"": \""The physician needs to earn that trust.\"", \""source\"": \""10_R24FG_HM_Individual_GNV_initial_codes.csv\""}]"", ""source"": ""10_R24FG_HM_Individual_GNV_initial_codes.csv""}]",10_R24FG_HM_Individual_GNV_initial_codes.csv
Perception of Clinical Trials,"Participants often associate clinical trials with last-resort options for severely ill patients, affecting their willingness to participate.",,"[""Perception of Clinical Trials""]","[{""text"": ""[{\""text\"": \""Most of the time when I hear, it\\u2019s from somebody who's very sick, and they offer them this last-ditch effort.\"", \""source\"": \""1_R24FG_BF_Group_UF_initial_codes.csv\""}]"", ""source"": ""1_R24FG_BF_Group_UF_initial_codes.csv""}]",1_R24FG_BF_Group_UF_initial_codes.csv
Personal Experiences and Benefits,"Participants discuss their motivations and outcomes from clinical trials, emphasizing personal experiences and potential benefits.",These codes were merged because they both focus on participants' personal narratives regarding their motivations for joining clinical trials and the perceived benefits they hope to gain.,"[""Personal Experience with Trials"", ""Personal Benefit""]","[{""text"": ""[{\""text\"": \""I started the R-S-V trial in April... it has a little bit of a negative thing for me because of the vaccine.\"", \""source\"": \""4_R24FG_CF_Group_Villages_initial_codes.csv\""}, {\""text\"": \""I don't hesitate to be a participant in a clinical trial if it's offered, you know, because I know the benefits that can come from clinical trials.\"", \""source\"": \""11_R24FG_HM_Individual_GNV_initial_codes.csv\""}]"", ""source"": ""4_R24FG_CF_Group_Villages_initial_codes.csv, 11_R24FG_HM_Individual_GNV_initial_codes.csv""}]","4_R24FG_CF_Group_Villages_initial_codes.csv, 11_R24FG_HM_Individual_GNV_initial_codes.csv"
Personal Health Engagement,Users seek insights into their health and are motivated by personal or family health issues.,"These codes were merged because both emphasize the user's desire to understand their health better, particularly in relation to personal and familial health contexts.","[""Gaining Personal Health Insights"", ""Connection to Personal Health""]","[{""text"": ""[{\""text\"": \""I gained additional information about myself and my D-N-A.\"", \""source\"": \""9_R24FG_WF_Individual_GNV_initial_codes.csv\""}, {\""text\"": \""If it was a study that had to do with a personal health history issue or a family health history issue I'd be a little bit more inclined.\"", \""source\"": \""17_R24FG_WM_Group_Villages_initial_codes.csv\""}]"", ""source"": ""9_R24FG_WF_Individual_GNV_initial_codes.csv, 17_R24FG_WM_Group_Villages_initial_codes.csv""}]","9_R24FG_WF_Individual_GNV_initial_codes.csv, 17_R24FG_WM_Group_Villages_initial_codes.csv"
Personal Health Insights,The objective of discovering unique personal health traits through medical research.,,"[""Personal Health Insights""]","[{""text"": ""[{\""text\"": \""I would have never known that about myself.\"", \""source\"": \""9_R24FG_WF_Individual_GNV_initial_codes.csv\""}]"", ""source"": ""9_R24FG_WF_Individual_GNV_initial_codes.csv""}]",9_R24FG_WF_Individual_GNV_initial_codes.csv
Personal Health Management,The goal of effectively managing personal health information online.,,"[""Personal Health Management""]","[{""text"": ""[{\""text\"": \""I\\u2019m going to [health portal name] every day.\"", \""source\"": \""11_R24FG_HM_Individual_GNV_initial_codes.csv\""}]"", ""source"": ""11_R24FG_HM_Individual_GNV_initial_codes.csv""}]",11_R24FG_HM_Individual_GNV_initial_codes.csv
Personalization Options,Users appreciate the ability to tailor their experience and choose what information they want to engage with.,,"[""Personalization Options""]","[{""text"": ""[{\""text\"": \""You need to tailor them to yourself. Right? They should be flexible for everybody.\"", \""source\"": \""7_R24FG_HF_Group_GNV_initial_codes.csv\""}]"", ""source"": ""7_R24FG_HF_Group_GNV_initial_codes.csv""}]",7_R24FG_HF_Group_GNV_initial_codes.csv
Personalized Avatar Names,Users prefer personalized names for avatars to create a more relatable experience.,,"[""Personalized Avatar Names""]","[{""text"": ""[{\""text\"": \""If you have two up there, they should have been different names, I think.\"", \""source\"": \""3_R24FG_CF_Group_Villages_initial_codes.csv\""}]"", ""source"": ""3_R24FG_CF_Group_Villages_initial_codes.csv""}]",3_R24FG_CF_Group_Villages_initial_codes.csv
Personalized Follow-Up,The participant prefers personalized follow-up communication regarding clinical trials.,,"[""Personalized Follow-Up""]","[{""text"": ""[{\""text\"": \""It doesn't need to be for the entire public. But then, that person will have access.\"", \""source\"": \""12_R24FG_HM_Individual_GNV_initial_codes.csv\""}]"", ""source"": ""12_R24FG_HM_Individual_GNV_initial_codes.csv""}]",12_R24FG_HM_Individual_GNV_initial_codes.csv
Personalized Research Options,Users want personalized options based on their health conditions and preferences.,,"[""Personalized Research Options""]","[{""text"": ""[{\""text\"": \""If you have those questions, possibly, or you know, on the same screen having the different wants.\"", \""source\"": \""17_R24FG_WM_Group_Villages_initial_codes.csv\""}]"", ""source"": ""17_R24FG_WM_Group_Villages_initial_codes.csv""}]",17_R24FG_WM_Group_Villages_initial_codes.csv
Personalized Resource Recommendations,"Users seek resources and recommendations that align with their identity, health status, and preferences for enhanced relatability.","These codes were merged because both emphasize the importance of personalization in user experiences, whether through identity reflection or tailored recommendations.","[""Desire for Personalization"", ""Receive Personalized Recommendations""]","[{""text"": ""[{\""text\"": \""I want to hear from somebody that kind of looks like me.\"", \""source\"": \""8_R24FG_HF_Individual_GNV_initial_codes.csv\""}, {\""text\"": \""I think if that stuff popped up a bit more than you\\u2019d know that it was UF or if it was, you know, one of the others.\"", \""source\"": \""3_R24FG_CF_Group_Villages_initial_codes.csv\""}]"", ""source"": ""8_R24FG_HF_Individual_GNV_initial_codes.csv, 3_R24FG_CF_Group_Villages_initial_codes.csv""}]","8_R24FG_HF_Individual_GNV_initial_codes.csv, 3_R24FG_CF_Group_Villages_initial_codes.csv"
Personalized and Accessible Communication,Participants seek personalized and easily accessible information about clinical trials tailored to their needs.,These codes were merged because both emphasize the importance of tailored communication and accessibility of information for potential clinical trial participants.,"[""Desire for Personalized Communication"", ""Accessibility of Information""]","[{""text"": ""[{\""text\"": \""It needs to be personalized for each person that he's talking to.\"", \""source\"": \""4_R24FG_CF_Group_Villages_initial_codes.csv\""}, {\""text\"": \""Maybe one of the other steps that could be in there is, okay, these are a few... just have it scroll across the screen.\"", \""source\"": \""11_R24FG_HM_Individual_GNV_initial_codes.csv\""}]"", ""source"": ""4_R24FG_CF_Group_Villages_initial_codes.csv, 11_R24FG_HM_Individual_GNV_initial_codes.csv""}]","4_R24FG_CF_Group_Villages_initial_codes.csv, 11_R24FG_HM_Individual_GNV_initial_codes.csv"
Pilot Program Feedback,Users suggest testing new systems in real-world settings to gather feedback and improve functionality.,,"[""Pilot Program Feedback""]","[{""text"": ""[{\""text\"": \""Maybe try it a week in a doctor's office, and then get some feedback.\"", \""source\"": \""14_R24FG_WF_Group_GNV_initial_codes.csv\""}]"", ""source"": ""14_R24FG_WF_Group_GNV_initial_codes.csv""}]",14_R24FG_WF_Group_GNV_initial_codes.csv
Positive Attitude Towards Health,The goal of maintaining a positive outlook on health despite ongoing medical challenges.,,"[""Positive Attitude Towards Health""]","[{""text"": ""[{\""text\"": \""His attitude is good, his health, I mean, he's as healthy as he can be.\"", \""source\"": \""9_R24FG_WF_Individual_GNV_initial_codes.csv\""}]"", ""source"": ""9_R24FG_WF_Individual_GNV_initial_codes.csv""}]",9_R24FG_WF_Individual_GNV_initial_codes.csv
Positive Clinical Trial Experiences,"Participants reflect on their positive experiences in clinical trials, influencing their perceptions and contributions to medical advancements.","These codes were merged due to their overlapping themes of positive participant experiences in clinical trials, highlighting their impact on future perceptions and contributions to medical research.","[""Positive Clinical Trial Experience"", ""Positive Experience with Trials""]","[{""text"": ""[{\""text\"": \""It was positive. Everything was good. I mean, I have no complaints.\"", \""source\"": \""16_R24FG_WF_Individual_GNV_initial_codes.csv\""}, {\""text\"": \""I did that for sixteen years, and I loved it. It was a good experience with both sides.\"", \""source\"": \""7_R24FG_HF_Group_GNV_initial_codes.csv\""}]"", ""source"": ""16_R24FG_WF_Individual_GNV_initial_codes.csv, 7_R24FG_HF_Group_GNV_initial_codes.csv""}]","16_R24FG_WF_Individual_GNV_initial_codes.csv, 7_R24FG_HF_Group_GNV_initial_codes.csv"
Positive Experience with Clinical Trials,"The interviewee expresses a positive sentiment towards clinical trials, viewing them as beneficial for advancing research and improving patient care.",,"[""Positive Experience with Clinical Trials""]","[{""text"": ""[{\""text\"": \""Oh, it's very positive. I worked at the vet school for seventeen years... anything to further the research.\"", \""source\"": \""14_R24FG_WF_Group_GNV_initial_codes.csv\""}]"", ""source"": ""14_R24FG_WF_Group_GNV_initial_codes.csv""}]",14_R24FG_WF_Group_GNV_initial_codes.csv
Positive Experience with Research,Participants reflect on their positive experiences with clinical trials and their outcomes.,,"[""Positive Experience with Research""]","[{""text"": ""[{\""text\"": \""For me, it was positive, and I prefer the drops than when my driving glasses at night.\"", \""source\"": \""6_R24FG_HF_Group_Mayo_initial_codes.csv\""}]"", ""source"": ""6_R24FG_HF_Group_Mayo_initial_codes.csv""}]",6_R24FG_HF_Group_Mayo_initial_codes.csv
Positive Feedback for Design,Users seek positive language and constructive feedback to enhance medical application design and user experience.,These codes were merged because both emphasize the importance of positive communication and feedback in improving user experience within medical contexts.,"[""Positive Language"", ""Feedback on Application Design""]","[{""text"": ""[{\""text\"": \""I think words have power. And people are often in the medical community using them in a very negative way.\"", \""source\"": \""7_R24FG_HF_Group_GNV_initial_codes.csv\""}, {\""text\"": \""Is this something that you see will be helpful? You know, is this something that you like?\"", \""source\"": \""13_R24FG_HM_Group_FIU_initial_codes.csv\""}]"", ""source"": ""7_R24FG_HF_Group_GNV_initial_codes.csv, 13_R24FG_HM_Group_FIU_initial_codes.csv""}]","7_R24FG_HF_Group_GNV_initial_codes.csv, 13_R24FG_HM_Group_FIU_initial_codes.csv"
Positive Perception of Trials,The user views clinical trials as a positive advancement in medical research.,,"[""Positive Perception of Trials""]","[{""text"": ""[{\""text\"": \""I think it's progress. And it's definitely positive.\"", \""source\"": \""9_R24FG_WF_Individual_GNV_initial_codes.csv\""}]"", ""source"": ""9_R24FG_WF_Individual_GNV_initial_codes.csv""}]",9_R24FG_WF_Individual_GNV_initial_codes.csv
Preference for Conversational Tone,"Users prefer a conversational approach to information delivery rather than a formal, scripted style.",,"[""Preference for Conversational Tone""]","[{""text"": ""[{\""text\"": \""It should be more conversational, so it doesn't feel like step one, step two, step three.\"", \""source\"": \""6_R24FG_HF_Group_Mayo_initial_codes.csv\""}]"", ""source"": ""6_R24FG_HF_Group_Mayo_initial_codes.csv""}]",6_R24FG_HF_Group_Mayo_initial_codes.csv
Preference for Expert Guidance,Users prefer guidance from experts who can provide reliable information and support.,,"[""Preference for Expert Guidance""]","[{""text"": ""[{\""text\"": \""I would like to talk with an expert.\"", \""source\"": \""6_R24FG_HF_Group_Mayo_initial_codes.csv\""}]"", ""source"": ""6_R24FG_HF_Group_Mayo_initial_codes.csv""}]",6_R24FG_HF_Group_Mayo_initial_codes.csv
Preference for Familiar Platforms,The participant prefers using familiar platforms like MyChart for managing health information.,,"[""Preference for Familiar Platforms""]","[{""text"": ""[{\""text\"": \""I like that they\\u2019re still there for you to read.\"", \""source\"": \""16_R24FG_WF_Individual_GNV_initial_codes.csv\""}]"", ""source"": ""16_R24FG_WF_Individual_GNV_initial_codes.csv""}]",16_R24FG_WF_Individual_GNV_initial_codes.csv
Preference for Familiarity,The interviewee prefers familiar and relatable presenters in educational materials about clinical trials.,,"[""Preference for Familiarity""]","[{""text"": ""[{\""text\"": \""I would be fine with a female... I have no problem with Alex.\"", \""source\"": \""14_R24FG_WF_Group_GNV_initial_codes.csv\""}]"", ""source"": ""14_R24FG_WF_Group_GNV_initial_codes.csv""}]",14_R24FG_WF_Group_GNV_initial_codes.csv
Preference for Human Interaction in Sensitive Situations,Users prefer human interaction over AI for discussing sensitive health issues.,,"[""Preference for Human Interaction in Sensitive Situations""]","[{""text"": ""[{\""text\"": \""To talk about the illness... I want a real person.\"", \""source\"": \""6_R24FG_HF_Group_Mayo_initial_codes.csv\""}]"", ""source"": ""6_R24FG_HF_Group_Mayo_initial_codes.csv""}]",6_R24FG_HF_Group_Mayo_initial_codes.csv
Preference for In-Person Interaction,The goal is to have direct communication with healthcare providers rather than relying solely on online resources.,,"[""Preference for In-Person Interaction""]","[{""text"": ""[{\""text\"": \""I prefer to call and make an appointment and go in, and talk to someone directly.\"", \""source\"": \""2_R24FG_BF_Individual_GNV_initial_codes.csv\""}]"", ""source"": ""2_R24FG_BF_Individual_GNV_initial_codes.csv""}]",2_R24FG_BF_Individual_GNV_initial_codes.csv
Preference for Personal Interaction,Participants favor engaging with real individuals over AI or virtual communications in health-related discussions.,"These codes were merged due to their shared emphasis on the importance of human interaction in healthcare settings, highlighting a common preference for personal engagement over technology.","[""Preference for Human Interaction"", ""Personal Touch in Communication"", ""Preference for Personal Interaction""]","[{""text"": ""[{\""text\"": \""I want to feel confident; I go see a human being.\"", \""source\"": \""6_R24FG_HF_Group_Mayo_initial_codes.csv\""}, {\""text\"": \""I think I would have been more comfortable with a real doctor or medical person talking.\"", \""source\"": \""1_R24FG_BF_Group_UF_initial_codes.csv\""}]"", ""source"": ""6_R24FG_HF_Group_Mayo_initial_codes.csv, 1_R24FG_BF_Group_UF_initial_codes.csv""}, {""text"": ""[{\""text\"": \""If something has come up, and I'm really very worried about it, then I prefer calling.\"", \""source\"": \""15_R24FG_WF_Individual_GNV_initial_codes.csv\""}]"", ""source"": ""15_R24FG_WF_Individual_GNV_initial_codes.csv""}]","6_R24FG_HF_Group_Mayo_initial_codes.csv, 1_R24FG_BF_Group_UF_initial_codes.csv, 15_R24FG_WF_Individual_GNV_initial_codes.csv"
Privacy Concerns,Participants express concerns about the privacy of their medical information when considering participation in studies.,,"[""Privacy Concerns""]","[{""text"": ""[{\""text\"": \""I do worry about privacy of medical insurance information.\"", \""source\"": \""7_R24FG_HF_Group_GNV_initial_codes.csv\""}]"", ""source"": ""7_R24FG_HF_Group_GNV_initial_codes.csv""}]",7_R24FG_HF_Group_GNV_initial_codes.csv
Privacy Control,Users want control over their personal health information and how it is shared.,,"[""Privacy Control""]","[{""text"": ""[{\""text\"": \""I don\\u2019t want you guys to see my personal information if I don\\u2019t know what the study is.\"", \""source\"": \""7_R24FG_HF_Group_GNV_initial_codes.csv\""}]"", ""source"": ""7_R24FG_HF_Group_GNV_initial_codes.csv""}]",7_R24FG_HF_Group_GNV_initial_codes.csv
Quality Medical Care,"The goal of receiving high-quality, attentive medical care that addresses all health concerns effectively.",,"[""Quality Medical Care""]","[{""text"": ""[{\""text\"": \""You're going to get not better care, but more interactive care, because you can read this whole other team of people looking at your stuff.\"", \""source\"": \""9_R24FG_WF_Individual_GNV_initial_codes.csv\""}]"", ""source"": ""9_R24FG_WF_Individual_GNV_initial_codes.csv""}]",9_R24FG_WF_Individual_GNV_initial_codes.csv
Quick Access to Information,"Users want immediate access to relevant information without needing to contact their doctors, especially before appointments.",,"[""Quick Access to Information""]","[{""text"": ""[{\""text\"": \""I don\\u2019t want to have to call my doctor and ask him. If I\\u2019ve got an appointment the next day, at least to have a guideline.\"", \""source\"": \""3_R24FG_CF_Group_Villages_initial_codes.csv\""}]"", ""source"": ""3_R24FG_CF_Group_Villages_initial_codes.csv""}]",3_R24FG_CF_Group_Villages_initial_codes.csv
Recommendation to Others,The user is open to recommending the resource to friends and family based on its usefulness.,,"[""Recommendation to Others""]","[{""text"": ""[{\""text\"": \""I'd be comfortable recommending it.\"", \""source\"": \""8_R24FG_HF_Individual_GNV_initial_codes.csv\""}]"", ""source"": ""8_R24FG_HF_Individual_GNV_initial_codes.csv""}]",8_R24FG_HF_Individual_GNV_initial_codes.csv
Research Participation Clarity,Participants want clear information on whether they qualify for research studies based on their health conditions.,,"[""Research Participation Clarity""]","[{""text"": ""[{\""text\"": \""The first question is, 'Do you want to participate in a research study,' and give a bunch of options.\"", \""source\"": \""17_R24FG_WM_Group_Villages_initial_codes.csv\""}]"", ""source"": ""17_R24FG_WM_Group_Villages_initial_codes.csv""}]",17_R24FG_WM_Group_Villages_initial_codes.csv
Research Study Awareness,Users want to be informed about ongoing research studies relevant to their health.,,"[""Research Study Awareness""]","[{""text"": ""[{\""text\"": \""I want to see everything within there, just to get a sense of... the studies that are ongoing.\"", \""source\"": \""17_R24FG_WM_Group_Villages_initial_codes.csv\""}]"", ""source"": ""17_R24FG_WM_Group_Villages_initial_codes.csv""}]",17_R24FG_WM_Group_Villages_initial_codes.csv
Safety Concerns,"Participants are apprehensive about the safety of clinical trials, particularly regarding historical injustices in medical testing.",,"[""Safety Concerns""]","[{""text"": ""[{\""text\"": \""I have always been leery of clinical trials because me as an African American, you have heard the horror stories of how drugs were tested on people from the past.\"", \""source\"": \""1_R24FG_BF_Group_UF_initial_codes.csv\""}]"", ""source"": ""1_R24FG_BF_Group_UF_initial_codes.csv""}]",1_R24FG_BF_Group_UF_initial_codes.csv
Safety and Information Clarity,"Participants prioritize safety in research and seek clear, accessible information about clinical trials and health data.","These codes were merged because they all emphasize the importance of safety and clarity in health-related information, highlighting participants' needs for understanding and prioritizing their health.","[""Understanding Safety"", ""Importance of Patient Education"", ""Simplified Access to Information""]","[{""text"": ""[{\""text\"": \""Every research study is reviewed many times before it is ever offered to a person.\"", \""source\"": \""13_R24FG_HM_Group_FIU_initial_codes.csv\""}, {\""text\"": \""He took the mystery out of it. And he broke it down into understandable blocks of information.\"", \""source\"": \""9_R24FG_WF_Individual_GNV_initial_codes.csv\""}, {\""text\"": \""If you have more than one doctor, you have more than one portal, and there\\u2019s no real way to integrate those.\"", \""source\"": \""17_R24FG_WM_Group_Villages_initial_codes.csv\""}]"", ""source"": ""13_R24FG_HM_Group_FIU_initial_codes.csv, 9_R24FG_WF_Individual_GNV_initial_codes.csv, 17_R24FG_WM_Group_Villages_initial_codes.csv""}]","13_R24FG_HM_Group_FIU_initial_codes.csv, 9_R24FG_WF_Individual_GNV_initial_codes.csv, 17_R24FG_WM_Group_Villages_initial_codes.csv"
Seeking Clarity on Participation,Participants want clear guidance on how to decide if participating in a trial is right for them.,,"[""Seeking Clarity on Participation""]","[{""text"": ""[{\""text\"": \""The best way to make that decision is to talk to your doctor and make sure you understand all of your options.\"", \""source\"": \""4_R24FG_CF_Group_Villages_initial_codes.csv\""}]"", ""source"": ""4_R24FG_CF_Group_Villages_initial_codes.csv""}]",4_R24FG_CF_Group_Villages_initial_codes.csv
Seeking Comprehensive Resources,Participants desire comprehensive resources that provide detailed information about research studies.,,"[""Seeking Comprehensive Resources""]","[{""text"": ""[{\""text\"": \""I think it\\u2019s been very beneficial.\"", \""source\"": \""13_R24FG_HM_Group_FIU_initial_codes.csv\""}]"", ""source"": ""13_R24FG_HM_Group_FIU_initial_codes.csv""}]",13_R24FG_HM_Group_FIU_initial_codes.csv
Seeking Feedback,Participants desire feedback from research studies to understand the impact of their contributions.,,"[""Seeking Feedback""]","[{""text"": ""[{\""text\"": \""I never got any feedback from them... I didn't get any feedback at all.\"", \""source\"": \""13_R24FG_HM_Group_FIU_initial_codes.csv\""}]"", ""source"": ""13_R24FG_HM_Group_FIU_initial_codes.csv""}]",13_R24FG_HM_Group_FIU_initial_codes.csv
Seeking Financial Compensation,"The goal is to receive monetary compensation for participation in clinical trials, especially for those on fixed incomes.",,"[""Seeking Financial Compensation""]","[{""text"": ""[{\""text\"": \""And also at the end, and this was also important, it was a financial reward.\"", \""source\"": \""2_R24FG_BF_Individual_GNV_initial_codes.csv\""}]"", ""source"": ""2_R24FG_BF_Individual_GNV_initial_codes.csv""}]",2_R24FG_BF_Individual_GNV_initial_codes.csv
Seeking Reliable Health Information,Participants actively look for credible health information and express skepticism towards less reliable sources.,,"[""Seeking Reliable Health Information""]","[{""text"": ""[{\""text\"": \""I generally won't trust the government unless I see some sources that I think are trustworthy.\"", \""source\"": \""5_R24FG_HM_Group_GNV_initial_codes.csv\""}]"", ""source"": ""5_R24FG_HM_Group_GNV_initial_codes.csv""}]",5_R24FG_HM_Group_GNV_initial_codes.csv
Seeking Supportive Resources,The goal is to find resources that provide emotional and informational support for health challenges.,,"[""Seeking Supportive Resources""]","[{""text"": ""[{\""text\"": \""It would help because it would give you extra care.\"", \""source\"": \""2_R24FG_BF_Individual_GNV_initial_codes.csv\""}]"", ""source"": ""2_R24FG_BF_Individual_GNV_initial_codes.csv""}]",2_R24FG_BF_Individual_GNV_initial_codes.csv
Self-Decision Making,Some users prefer to make health decisions independently without relying on their physician's guidance.,,"[""Self-Decision Making""]","[{""text"": ""[{\""text\"": \""I'd make that decision myself without the help of the doctor.\"", \""source\"": \""4_R24FG_CF_Group_Villages_initial_codes.csv\""}]"", ""source"": ""4_R24FG_CF_Group_Villages_initial_codes.csv""}]",4_R24FG_CF_Group_Villages_initial_codes.csv
Share Functionality,Users want a clear and easy way to share information about the application with friends and family.,,"[""Share Functionality""]","[{""text"": ""[{\""text\"": \""Maybe write down the word, 'Share.'\"", \""source\"": \""13_R24FG_HM_Group_FIU_initial_codes.csv\""}]"", ""source"": ""13_R24FG_HM_Group_FIU_initial_codes.csv""}]",13_R24FG_HM_Group_FIU_initial_codes.csv
Share Information Easily,Users want to easily share information about research studies with others.,,"[""Share Information Easily""]","[{""text"": ""[{\""text\"": \""I like the fact that you can share with people who, it may not be applicable to you.\"", \""source\"": \""17_R24FG_WM_Group_Villages_initial_codes.csv\""}]"", ""source"": ""17_R24FG_WM_Group_Villages_initial_codes.csv""}]",17_R24FG_WM_Group_Villages_initial_codes.csv
Sharing Personal Experiences,The intention to share personal health experiences to help others in similar situations.,,"[""Sharing Personal Experiences""]","[{""text"": ""[{\""text\"": \""Perhaps we can contact you and have you be one of our inspirational stories.\"", \""source\"": \""9_R24FG_WF_Individual_GNV_initial_codes.csv\""}]"", ""source"": ""9_R24FG_WF_Individual_GNV_initial_codes.csv""}]",9_R24FG_WF_Individual_GNV_initial_codes.csv
Simplified Navigation,Users want intuitive navigation that allows them to easily access information without feeling overwhelmed.,,"[""Simplified Navigation"", ""Simplified Navigation""]","[{""text"": ""[{\""text\"": \""Make it a way so I don't have to waste my time. I want to keep, you know, get to my help.\"", \""source\"": \""7_R24FG_HF_Group_GNV_initial_codes.csv\""}]"", ""source"": ""7_R24FG_HF_Group_GNV_initial_codes.csv""}, {""text"": ""[{\""text\"": \""I think that stands out more. I don\\u2019t know if that's an option.\"", \""source\"": \""3_R24FG_CF_Group_Villages_initial_codes.csv\""}]"", ""source"": ""3_R24FG_CF_Group_Villages_initial_codes.csv""}]","7_R24FG_HF_Group_GNV_initial_codes.csv, 3_R24FG_CF_Group_Villages_initial_codes.csv"
Simplify Navigation,Users want a straightforward navigation experience to avoid confusion.,,"[""Simplify Navigation""]","[{""text"": ""[{\""text\"": \""I think it would depend on what I wanted. If I wanted to know more about what is a research study, then I would click on that.\"", \""source\"": \""17_R24FG_WM_Group_Villages_initial_codes.csv\""}]"", ""source"": ""17_R24FG_WM_Group_Villages_initial_codes.csv""}]",17_R24FG_WM_Group_Villages_initial_codes.csv
Skepticism About Online Information,The participant is cautious about the reliability of online health information.,,"[""Skepticism About Online Information""]","[{""text"": ""[{\""text\"": \""I just search, and I just took whatever I get on there.\"", \""source\"": \""16_R24FG_WF_Individual_GNV_initial_codes.csv\""}]"", ""source"": ""16_R24FG_WF_Individual_GNV_initial_codes.csv""}]",16_R24FG_WF_Individual_GNV_initial_codes.csv
Skepticism Towards Government Sources,"Participants exhibit skepticism towards government-provided health information, preferring independent sources.",,"[""Skepticism Towards Government Sources""]","[{""text"": ""[{\""text\"": \""I mean, there are sources that are less trustworthy than the government.\"", \""source\"": \""5_R24FG_HM_Group_GNV_initial_codes.csv\""}]"", ""source"": ""5_R24FG_HM_Group_GNV_initial_codes.csv""}]",5_R24FG_HM_Group_GNV_initial_codes.csv
Skepticism Towards Medical Changes,Users express skepticism about recent changes in healthcare access and communication due to COVID-19.,,"[""Skepticism Towards Medical Changes""]","[{""text"": ""[{\""text\"": \""I'm not really happy with some of the changes.\"", \""source\"": \""4_R24FG_CF_Group_Villages_initial_codes.csv\""}]"", ""source"": ""4_R24FG_CF_Group_Villages_initial_codes.csv""}]",4_R24FG_CF_Group_Villages_initial_codes.csv
Skepticism Towards Medical Recommendations,The user expresses doubt about the effectiveness of traditional medical treatments suggested by doctors.,,"[""Skepticism Towards Medical Recommendations""]","[{""text"": ""[{\""text\"": \""All the medical treatments that these doctors are recommending are really not working.\"", \""source\"": \""5_R24FG_HM_Group_GNV_initial_codes.csv\""}]"", ""source"": ""5_R24FG_HM_Group_GNV_initial_codes.csv""}]",5_R24FG_HM_Group_GNV_initial_codes.csv
Skepticism Towards Online Information,"The user exhibits skepticism towards online information, emphasizing the need for credible sources.",,"[""Skepticism Towards Online Information"", ""Skepticism Towards Online Information""]","[{""text"": ""[{\""text\"": \""I don't know about that. Trustworthy.\"", \""source\"": \""15_R24FG_WF_Individual_GNV_initial_codes.csv\""}]"", ""source"": ""15_R24FG_WF_Individual_GNV_initial_codes.csv""}, {""text"": ""[{\""text\"": \""I would be very skeptical of using the internet widely regarding medicines, because everyone is different.\"", \""source\"": \""4_R24FG_CF_Group_Villages_initial_codes.csv\""}]"", ""source"": ""4_R24FG_CF_Group_Villages_initial_codes.csv""}]","4_R24FG_CF_Group_Villages_initial_codes.csv, 15_R24FG_WF_Individual_GNV_initial_codes.csv"
Skepticism Towards Online Sources,"Participants are skeptical about the reliability of information found online, preferring direct communication with healthcare providers.",,"[""Skepticism Towards Online Sources""]","[{""text"": ""[{\""text\"": \""I don't trust what someone else says or researches.\"", \""source\"": \""1_R24FG_BF_Group_UF_initial_codes.csv\""}]"", ""source"": ""1_R24FG_BF_Group_UF_initial_codes.csv""}]",1_R24FG_BF_Group_UF_initial_codes.csv
Skepticism about Placebo,"Participants express skepticism about the use of placebo in trials, fearing they may miss out on effective treatments.",,"[""Skepticism about Placebo""]","[{""text"": ""[{\""text\"": \""I don\\u2019t want to be on placebo because I know that you have to have a control.\"", \""source\"": \""7_R24FG_HF_Group_GNV_initial_codes.csv\""}]"", ""source"": ""7_R24FG_HF_Group_GNV_initial_codes.csv""}]",7_R24FG_HF_Group_GNV_initial_codes.csv
Specific Condition Breakdown,Participants want detailed breakdowns of studies based on specific conditions.,,"[""Specific Condition Breakdown""]","[{""text"": ""[{\""text\"": \""Cancer of my... left them, something to break it down and make it more specific.\"", \""source\"": \""17_R24FG_WM_Group_Villages_initial_codes.csv\""}]"", ""source"": ""17_R24FG_WM_Group_Villages_initial_codes.csv""}]",17_R24FG_WM_Group_Villages_initial_codes.csv
Stay Active,Participants aim to engage in various physical activities to maintain their health and well-being.,,"[""Stay Active""]","[{""text"": ""[{\""text\"": \""I play golf and kayak and going to [gym name] and staying active.\"", \""source\"": \""17_R24FG_WM_Group_Villages_initial_codes.csv\""}]"", ""source"": ""17_R24FG_WM_Group_Villages_initial_codes.csv""}]",17_R24FG_WM_Group_Villages_initial_codes.csv
Success Stories,The desire to share and highlight positive health outcomes as a source of inspiration.,,"[""Success Stories""]","[{""text"": ""[{\""text\"": \""So that, you know, showcase a success story like that. That's why this is important.\"", \""source\"": \""9_R24FG_WF_Individual_GNV_initial_codes.csv\""}]"", ""source"": ""9_R24FG_WF_Individual_GNV_initial_codes.csv""}]",9_R24FG_WF_Individual_GNV_initial_codes.csv
Success Stories and Information Sharing,Users seek real-life success stories and wish to share health and research information to inspire participation in clinical trials.,These codes were merged because both emphasize the importance of sharing impactful narratives and information to motivate individuals in clinical trial participation.,"[""Desire for Success Stories"", ""Information Sharing""]","[{""text"": ""[{\""text\"": \""Showcase a success story. Show us how this saved somebody's life.\"", \""source\"": \""9_R24FG_WF_Individual_GNV_initial_codes.csv\""}, {\""text\"": \""Information sharing.\"", \""source\"": \""17_R24FG_WM_Group_Villages_initial_codes.csv\""}]"", ""source"": ""9_R24FG_WF_Individual_GNV_initial_codes.csv, 17_R24FG_WM_Group_Villages_initial_codes.csv""}]","9_R24FG_WF_Individual_GNV_initial_codes.csv, 17_R24FG_WM_Group_Villages_initial_codes.csv"
Supplementary Information Access,Participants want access to additional information that can aid discussions with healthcare providers.,,"[""Supplementary Information Access""]","[{""text"": ""[{\""text\"": \""Some specifics on if you were in some kind of medication test or specifics on that.\"", \""source\"": \""17_R24FG_WM_Group_Villages_initial_codes.csv\""}]"", ""source"": ""17_R24FG_WM_Group_Villages_initial_codes.csv""}]",17_R24FG_WM_Group_Villages_initial_codes.csv
Support for Research Participation,The interviewee supports the idea of participating in research studies as a means to contribute to medical advancements.,,"[""Support for Research Participation""]","[{""text"": ""[{\""text\"": \""I'm always happy to help with research. I'm a big believer in it.\"", \""source\"": \""14_R24FG_WF_Group_GNV_initial_codes.csv\""}]"", ""source"": ""14_R24FG_WF_Group_GNV_initial_codes.csv""}]",14_R24FG_WF_Group_GNV_initial_codes.csv
Supportive Healthcare Environment,The goal of being in a supportive healthcare environment that fosters healing.,,"[""Supportive Healthcare Environment""]","[{""text"": ""[{\""text\"": \""Had he not been at [hospital name], he wouldn't be here.\"", \""source\"": \""9_R24FG_WF_Individual_GNV_initial_codes.csv\""}]"", ""source"": ""9_R24FG_WF_Individual_GNV_initial_codes.csv""}]",9_R24FG_WF_Individual_GNV_initial_codes.csv
Time Commitment Concerns,Participants express interest and concerns regarding the time commitment required for study participation.,"These codes were merged because both address participants' focus on the time commitment involved in studies, highlighting their interest and concerns.","[""Long-term Commitment"", ""Concerns About Time Commitment""]","[{""text"": ""[{\""text\"": \""How long it was.\"", \""source\"": \""17_R24FG_WM_Group_Villages_initial_codes.csv\""}, {\""text\"": \""Time is the big issue. Having the time to do it.\"", \""source\"": \""8_R24FG_HF_Individual_GNV_initial_codes.csv\""}]"", ""source"": ""17_R24FG_WM_Group_Villages_initial_codes.csv, 8_R24FG_HF_Individual_GNV_initial_codes.csv""}]","17_R24FG_WM_Group_Villages_initial_codes.csv, 8_R24FG_HF_Individual_GNV_initial_codes.csv"
Time Constraints for Participation,The user acknowledges personal time constraints that affect their ability to participate in research activities.,,"[""Time Constraints for Participation""]","[{""text"": ""[{\""text\"": \""Sometimes I don't have the time to come out to this meeting.\"", \""source\"": \""5_R24FG_HM_Group_GNV_initial_codes.csv\""}]"", ""source"": ""5_R24FG_HM_Group_GNV_initial_codes.csv""}]",5_R24FG_HM_Group_GNV_initial_codes.csv
Timely Access to Health Information,Users seek quick and reliable health information to make informed decisions about their care.,"These codes were merged due to their shared focus on the importance of timely access to health information, enhancing user decision-making in healthcare.","[""Access to Health Information"", ""Desire for Timely Information""]","[{""text"": ""[{\""text\"": \""I like the quick turnaround on procedure results... I can get the report within twenty-four hours.\"", \""source\"": \""10_R24FG_HM_Individual_GNV_initial_codes.csv\""}, {\""text\"": \""I think it's taking one step too many at this point in time.\"", \""source\"": \""4_R24FG_CF_Group_Villages_initial_codes.csv\""}]"", ""source"": ""10_R24FG_HM_Individual_GNV_initial_codes.csv, 4_R24FG_CF_Group_Villages_initial_codes.csv""}]","10_R24FG_HM_Individual_GNV_initial_codes.csv, 4_R24FG_CF_Group_Villages_initial_codes.csv"
Transparency in Research,Participants desire transparency regarding funding and processes in research studies.,,"[""Transparency in Research""]","[{""text"": ""[{\""text\"": \""I wonder how you separate because how do we know who funds a grant for a university study?\"", \""source\"": \""17_R24FG_WM_Group_Villages_initial_codes.csv\""}]"", ""source"": ""17_R24FG_WM_Group_Villages_initial_codes.csv""}]",17_R24FG_WM_Group_Villages_initial_codes.csv
Transportation Concerns,"The participant expresses concerns about transportation to clinical trial locations, especially due to age.",,"[""Transportation Concerns""]","[{""text"": ""[{\""text\"": \""It'd be hard for me to get back and forth to the trials.\"", \""source\"": \""16_R24FG_WF_Individual_GNV_initial_codes.csv\""}]"", ""source"": ""16_R24FG_WF_Individual_GNV_initial_codes.csv""}]",16_R24FG_WF_Individual_GNV_initial_codes.csv
Trial Eligibility Awareness,Users aim to be informed about their eligibility for clinical trials to explore potential treatment options.,,"[""Trial Eligibility Awareness""]","[{""text"": ""[{\""text\"": \""If I just learned from Alex, that wouldn't be quite enough.\"", \""source\"": \""4_R24FG_CF_Group_Villages_initial_codes.csv\""}]"", ""source"": ""4_R24FG_CF_Group_Villages_initial_codes.csv""}]",4_R24FG_CF_Group_Villages_initial_codes.csv
Trust and Communication in Healthcare,Users value trust in medical professionals and seek effective communication tools with healthcare providers.,"These codes were merged because they both emphasize the importance of trust and communication in the healthcare experience, highlighting user expectations for professional interactions.","[""Trust in Medical Professionals"", ""Effective Communication with Healthcare Providers""]","[{""text"": ""[{\""text\"": \""Sometimes their opinion, it's their opinion.\"", \""source\"": \""8_R24FG_HF_Individual_GNV_initial_codes.csv\""}, {\""text\"": \""I think that if my doctor sees that whole list that I checked, they would probably not like it either.\"", \""source\"": \""3_R24FG_CF_Group_Villages_initial_codes.csv\""}]"", ""source"": ""8_R24FG_HF_Individual_GNV_initial_codes.csv, 3_R24FG_CF_Group_Villages_initial_codes.csv""}]","8_R24FG_HF_Individual_GNV_initial_codes.csv, 3_R24FG_CF_Group_Villages_initial_codes.csv"
Trust in Doctor's Recommendations,The participant trusts their doctor as a primary source of health information and guidance.,,"[""Trust in Doctor's Recommendations""]","[{""text"": ""[{\""text\"": \""I mainly go to the doctor. I mean, I do go on the internet a little bit.\"", \""source\"": \""16_R24FG_WF_Individual_GNV_initial_codes.csv\""}]"", ""source"": ""16_R24FG_WF_Individual_GNV_initial_codes.csv""}]",16_R24FG_WF_Individual_GNV_initial_codes.csv
Trust in Health Information Sources,"Participants emphasize the importance of reliable sources for health information, favoring established institutions and medical professionals.","These codes were merged due to their common theme of prioritizing trustworthy sources for health information, highlighting the participants' discernment in selecting reliable information.","[""Trust in Information Sources"", ""Importance of Trustworthy Sources"", ""Seeking Trustworthy Information"", ""Information Trustworthiness"", ""Trustworthiness of Information""]","[{""text"": ""[{\""text\"": \""I trust more like the Mayo Clinic because it\\u2019s a hospital.\"", \""source\"": \""5_R24FG_HM_Group_GNV_initial_codes.csv\""}, {\""text\"": \""Depends on the website I'm getting that from.\"", \""source\"": \""15_R24FG_WF_Individual_GNV_initial_codes.csv\""}, {\""text\"": \""It has to be a trustworthy site if it's on the internet.\"", \""source\"": \""14_R24FG_WF_Group_GNV_initial_codes.csv\""}, {\""text\"": \""For me, the source of information is important. I will go deeper into that and ask my doctor.\"", \""source\"": \""6_R24FG_HF_Group_Mayo_initial_codes.csv\""}, {\""text\"": \""I don\\u2019t believe too much I read and see online.\"", \""source\"": \""1_R24FG_BF_Group_UF_initial_codes.csv\""}, {\""text\"": \""I would be hundred percent sure that it is accurate information, and as long as it\\u2019s supported by my doctor.\"", \""source\"": \""12_R24FG_HM_Individual_GNV_initial_codes.csv\""}]"", ""source"": ""5_R24FG_HM_Group_GNV_initial_codes.csv, 15_R24FG_WF_Individual_GNV_initial_codes.csv, 14_R24FG_WF_Group_GNV_initial_codes.csv, 6_R24FG_HF_Group_Mayo_initial_codes.csv, 1_R24FG_BF_Group_UF_initial_codes.csv, 12_R24FG_HM_Individual_GNV_initial_codes.csv""}]","5_R24FG_HM_Group_GNV_initial_codes.csv, 15_R24FG_WF_Individual_GNV_initial_codes.csv, 14_R24FG_WF_Group_GNV_initial_codes.csv, 6_R24FG_HF_Group_Mayo_initial_codes.csv, 1_R24FG_BF_Group_UF_initial_codes.csv, 12_R24FG_HM_Individual_GNV_initial_codes.csv"
Trust in Health Research Sources,Participants emphasize the importance of trusting credible sources and professionals for reliable health information and research integrity.,"These codes were merged due to their common theme of emphasizing trust in credible sources, whether in research processes or medical professionals, to ensure informed decision-making.","[""Trust in Research"", ""Trust in Medical Professionals"", ""Source Credibility"", ""Trustworthy Information"", ""Trustworthy Information Sources"", ""Access Trustworthy Information"", ""Trustworthy Sources"", ""Trust in Information Sources"", ""Trust in Health Information""]","[{""text"": ""[{\""text\"": \""I try to search who is the person that wrote the research.\"", \""source\"": \""7_R24FG_HF_Group_GNV_initial_codes.csv\""}, {\""text\"": \""If my doctor recommended... I would consider that seriously.\"", \""source\"": \""13_R24FG_HM_Group_FIU_initial_codes.csv\""}, {\""text\"": \""I prefer talking to my physicians.\"", \""source\"": \""9_R24FG_WF_Individual_GNV_initial_codes.csv\""}, {\""text\"": \""I do take a look at where the source is from.\"", \""source\"": \""9_R24FG_WF_Individual_GNV_initial_codes.csv\""}, {\""text\"": \""I might put more credence in my doctor's office maybe, or a doctor as opposed to reading the newspaper.\"", \""source\"": \""17_R24FG_WM_Group_Villages_initial_codes.csv\""}, {\""text\"": \""I tend to go more towards not web-based... a medical journal.\"", \""source\"": \""8_R24FG_HF_Individual_GNV_initial_codes.csv\""}, {\""text\"": \""For this stuff, you kind of really do want the ones that know.\"", \""source\"": \""3_R24FG_CF_Group_Villages_initial_codes.csv\""}, {\""text\"": \""I have to trust the source... I think [university name] is a very reputable institution.\"", \""source\"": \""10_R24FG_HM_Individual_GNV_initial_codes.csv\""}, {\""text\"": \""For me, it\\u2019d be PubMed... a lot of the articles... are from doctors specifically studying that particular question.\"", \""source\"": \""4_R24FG_CF_Group_Villages_initial_codes.csv\""}, {\""text\"": \""If I see that it's approved by the IRB, I know that it's been through a panel of people who know what to look for.\"", \""source\"": \""11_R24FG_HM_Individual_GNV_initial_codes.csv\""}, {\""text\"": \""I don't trust a lot that I see on the internet.\"", \""source\"": \""2_R24FG_BF_Individual_GNV_initial_codes.csv\""}]"", ""source"": ""7_R24FG_HF_Group_GNV_initial_codes.csv, 13_R24FG_HM_Group_FIU_initial_codes.csv, 9_R24FG_WF_Individual_GNV_initial_codes.csv, 17_R24FG_WM_Group_Villages_initial_codes.csv, 8_R24FG_HF_Individual_GNV_initial_codes.csv, 3_R24FG_CF_Group_Villages_initial_codes.csv, 10_R24FG_HM_Individual_GNV_initial_codes.csv, 4_R24FG_CF_Group_Villages_initial_codes.csv, 11_R24FG_HM_Individual_GNV_initial_codes.csv, 2_R24FG_BF_Individual_GNV_initial_codes.csv""}]","7_R24FG_HF_Group_GNV_initial_codes.csv, 13_R24FG_HM_Group_FIU_initial_codes.csv, 9_R24FG_WF_Individual_GNV_initial_codes.csv, 17_R24FG_WM_Group_Villages_initial_codes.csv, 8_R24FG_HF_Individual_GNV_initial_codes.csv, 3_R24FG_CF_Group_Villages_initial_codes.csv, 10_R24FG_HM_Individual_GNV_initial_codes.csv, 4_R24FG_CF_Group_Villages_initial_codes.csv, 11_R24FG_HM_Individual_GNV_initial_codes.csv, 2_R24FG_BF_Individual_GNV_initial_codes.csv"
Trust in Healthcare Professionals,Confidence in healthcare providers' commitment to patient well-being and the safety of treatments.,These codes were merged due to their shared focus on the importance of trust in healthcare providers and the reassurance patients seek regarding their care.,"[""Trust in Healthcare Providers"", ""Trust in Medical Professionals""]","[{""text"": ""[{\""text\"": \""That patient has to believe that that doctor wants absolutely what's best for that patient.\"", \""source\"": \""10_R24FG_HM_Individual_GNV_initial_codes.csv\""}, {\""text\"": \""I\\u2019d want to hear from the doctor also.\"", \""source\"": \""4_R24FG_CF_Group_Villages_initial_codes.csv\""}]"", ""source"": ""10_R24FG_HM_Individual_GNV_initial_codes.csv, 4_R24FG_CF_Group_Villages_initial_codes.csv""}]","10_R24FG_HM_Individual_GNV_initial_codes.csv, 4_R24FG_CF_Group_Villages_initial_codes.csv"
Trust in Healthcare Providers,Participants highlight the significance of trusting healthcare professionals when considering clinical trial participation.,"These codes were merged due to their overlapping themes of trust in medical professionals, emphasizing the role of healthcare providers in influencing participants' decisions regarding clinical trials.","[""Trust in Medical Professionals""]","[{""text"": ""[{\""text\"": \""If he was to tell me, 'I would like you to look at this clinical trial,' and it\\u2019s a medical professional that I trust, then yeah, maybe I will give more leeway.\"", \""source\"": \""1_R24FG_BF_Group_UF_initial_codes.csv\""}, {\""text\"": \""To me? When it come from my doctor.\"", \""source\"": \""12_R24FG_HM_Individual_GNV_initial_codes.csv\""}]"", ""source"": ""1_R24FG_BF_Group_UF_initial_codes.csv, 12_R24FG_HM_Individual_GNV_initial_codes.csv""}]","1_R24FG_BF_Group_UF_initial_codes.csv, 12_R24FG_HM_Individual_GNV_initial_codes.csv"
Trust in Information,Users need to feel that the information provided is trustworthy and reliable.,,"[""Trust in Information"", ""Trust in Information""]","[{""text"": ""[{\""text\"": \""I didn\\u2019t find anything that wasn\\u2019t trustworthy.\"", \""source\"": \""17_R24FG_WM_Group_Villages_initial_codes.csv\""}]"", ""source"": ""17_R24FG_WM_Group_Villages_initial_codes.csv""}, {""text"": ""[{\""text\"": \""If that's clearer, that's where you start to feel like, 'Eh. I don\\u2019t know.'\"", \""source\"": \""7_R24FG_HF_Group_GNV_initial_codes.csv\""}]"", ""source"": ""7_R24FG_HF_Group_GNV_initial_codes.csv""}]","7_R24FG_HF_Group_GNV_initial_codes.csv, 17_R24FG_WM_Group_Villages_initial_codes.csv"
Trust in Medical Guidance,Users seek and trust medical professionals' opinions on clinical trials for safety and relevance to their health.,These codes were merged due to their shared focus on the importance of consulting and trusting healthcare providers for informed health decisions regarding clinical trials.,"[""Seek Doctor's Opinion"", ""Trust in Healthcare Providers"", ""Trust in Medical Professionals""]","[{""text"": ""[{\""text\"": \""I would want the information from them about their thoughts on it.\"", \""source\"": \""4_R24FG_CF_Group_Villages_initial_codes.csv\""}, {\""text\"": \""I bring that to his attention.\"", \""source\"": \""11_R24FG_HM_Individual_GNV_initial_codes.csv\""}, {\""text\"": \""Because I don't trust a lot.\"", \""source\"": \""2_R24FG_BF_Individual_GNV_initial_codes.csv\""}]"", ""source"": ""4_R24FG_CF_Group_Villages_initial_codes.csv, 11_R24FG_HM_Individual_GNV_initial_codes.csv, 2_R24FG_BF_Individual_GNV_initial_codes.csv""}]","4_R24FG_CF_Group_Villages_initial_codes.csv, 11_R24FG_HM_Individual_GNV_initial_codes.csv, 2_R24FG_BF_Individual_GNV_initial_codes.csv"
Trust in Medical Institutions,"The interviewee expresses trust in established medical institutions and their research processes, enhancing their confidence in clinical trials.",,"[""Trust in Medical Institutions""]","[{""text"": ""[{\""text\"": \""I trust their site explicitly... I've never had any issues with the V-A.\"", \""source\"": \""14_R24FG_WF_Group_GNV_initial_codes.csv\""}]"", ""source"": ""14_R24FG_WF_Group_GNV_initial_codes.csv""}]",14_R24FG_WF_Group_GNV_initial_codes.csv
Trust in Security,Users seek assurance that their personal health information is secure and that healthcare providers are taking necessary precautions.,,"[""Trust in Security""]","[{""text"": ""[{\""text\"": \""I trust that [university name] I-T and security is doing the best that they can do.\"", \""source\"": \""14_R24FG_WF_Group_GNV_initial_codes.csv\""}]"", ""source"": ""14_R24FG_WF_Group_GNV_initial_codes.csv""}]",14_R24FG_WF_Group_GNV_initial_codes.csv
Trustworthy Information Sources,"Participants seek reliable sources of health information, emphasizing the importance of credentials and established organizations.",,"[""Trustworthy Information Sources""]","[{""text"": ""[{\""text\"": \""I usually use a site that I trust or go to the source.\"", \""source\"": \""7_R24FG_HF_Group_GNV_initial_codes.csv\""}]"", ""source"": ""7_R24FG_HF_Group_GNV_initial_codes.csv""}]",7_R24FG_HF_Group_GNV_initial_codes.csv
Understand Next Steps,Users seek clarity on what actions to take next after initial information.,,"[""Understand Next Steps""]","[{""text"": ""[{\""text\"": \""The 'Next' makes me think that 'Oh, there are more, more things to look at, go to.'\"", \""source\"": \""17_R24FG_WM_Group_Villages_initial_codes.csv\""}]"", ""source"": ""17_R24FG_WM_Group_Villages_initial_codes.csv""}]",17_R24FG_WM_Group_Villages_initial_codes.csv
Understand Research Registries,Users want to learn about research registries and how they can sign up to receive information about studies.,,"[""Understand Research Registries""]","[{""text"": ""[{\""text\"": \""I think I already have [signed up for a registry].\"", \""source\"": \""3_R24FG_CF_Group_Villages_initial_codes.csv\""}]"", ""source"": ""3_R24FG_CF_Group_Villages_initial_codes.csv""}]",3_R24FG_CF_Group_Villages_initial_codes.csv
Understanding Clinical Research Differences,Clarifying distinctions between clinical trials and research studies for better participant comprehension.,"These codes were merged because they both focus on helping participants understand the differences between clinical trials and research studies, emphasizing clarity and comprehension.","[""Understanding Clinical Research"", ""Understanding Research Study Differences""]","[{""text"": ""[{\""text\"": \""In the research study, you are just trying to learn stuff.\"", \""source\"": \""10_R24FG_HM_Individual_GNV_initial_codes.csv\""}, {\""text\"": \""A clinical trial would be where a person is involved, personally.\"", \""source\"": \""4_R24FG_CF_Group_Villages_initial_codes.csv\""}]"", ""source"": ""10_R24FG_HM_Individual_GNV_initial_codes.csv, 4_R24FG_CF_Group_Villages_initial_codes.csv""}]","10_R24FG_HM_Individual_GNV_initial_codes.csv, 4_R24FG_CF_Group_Villages_initial_codes.csv"
Understanding Clinical Research Trials,"Participants seek clarity on the purpose, structure, and significance of clinical research and trials in medical advancements.","These codes were merged due to their overlapping focus on participants' understanding of clinical research and trials, emphasizing their purpose and significance in medical research.","[""Understanding Clinical Research"", ""Understanding Clinical Trials"", ""Understand Clinical Research""]","[{""text"": ""[{\""text\"": \""They do different things with you to see what works best or what, you know, if you can take that medicine.\"", \""source\"": \""16_R24FG_WF_Individual_GNV_initial_codes.csv\""}, {\""text\"": \""A clinical trial involves a clinic organizing with a group of doctors to collate information and find answers.\"", \""source\"": \""7_R24FG_HF_Group_GNV_initial_codes.csv\""}, {\""text\"": \""A clinical research study for me is an accumulation of data about your particular medical condition in order to improve, to have more knowledge of it.\"", \""source\"": \""13_R24FG_HM_Group_FIU_initial_codes.csv\""}, {\""text\"": \""I guess it's research being done in an area of medicine that one may or may not participate in depending on whether you fit the parameters of that study.\"", \""source\"": \""9_R24FG_WF_Individual_GNV_initial_codes.csv\""}, {\""text\"": \""I think of structured research or some sort through a university of some sort.\"", \""source\"": \""17_R24FG_WM_Group_Villages_initial_codes.csv\""}]"", ""source"": ""16_R24FG_WF_Individual_GNV_initial_codes.csv, 7_R24FG_HF_Group_GNV_initial_codes.csv, 13_R24FG_HM_Group_FIU_initial_codes.csv, 9_R24FG_WF_Individual_GNV_initial_codes.csv, 17_R24FG_WM_Group_Villages_initial_codes.csv""}]","16_R24FG_WF_Individual_GNV_initial_codes.csv, 7_R24FG_HF_Group_GNV_initial_codes.csv, 13_R24FG_HM_Group_FIU_initial_codes.csv, 9_R24FG_WF_Individual_GNV_initial_codes.csv, 17_R24FG_WM_Group_Villages_initial_codes.csv"
Understanding Clinical Trials,"Comprehending the nature, purpose, and significance of clinical trials and research studies in medical research.","These codes were merged due to their overlapping focus on understanding clinical trials, emphasizing both their nature and importance in medical research.","[""Understanding Clinical Trials"", ""Understanding Clinical Trials"", ""Understanding Clinical Trials""]","[{""text"": ""[{\""text\"": \""Well, the clinical trial is an experiment where clinicians or scientists try to evaluate a hypothesis.\"", \""source\"": \""10_R24FG_HM_Individual_GNV_initial_codes.csv\""}, {\""text\"": \""A clinical trial means to me where questions are being asked, or samples of data or health-related situations are gathered.\"", \""source\"": \""4_R24FG_CF_Group_Villages_initial_codes.csv\""}]"", ""source"": ""10_R24FG_HM_Individual_GNV_initial_codes.csv, 4_R24FG_CF_Group_Villages_initial_codes.csv""}, {""text"": ""[{\""text\"": \""Um, research for a new medicine or new way of doing something.\"", \""source\"": \""2_R24FG_BF_Individual_GNV_initial_codes.csv\""}, {\""text\"": \""For me, it\\u2019s when you go [and get?] a study for like liver.\"", \""source\"": \""5_R24FG_HM_Group_GNV_initial_codes.csv\""}]"", ""source"": ""2_R24FG_BF_Individual_GNV_initial_codes.csv, 5_R24FG_HM_Group_GNV_initial_codes.csv""}, {""text"": ""[{\""text\"": \""When I hear clinical studies, it does worry a little bit because I think they want to do tests on you, so it's kind of scary.\"", \""source\"": \""6_R24FG_HF_Group_Mayo_initial_codes.csv\""}, {\""text\"": \""I think of studies or tests or ways to test out new medicines or new ways to help people improve or get healthier.\"", \""source\"": \""1_R24FG_BF_Group_UF_initial_codes.csv\""}, {\""text\"": \""I think, I consider a clinical trial basically, basically some kind of medical research.\"", \""source\"": \""12_R24FG_HM_Individual_GNV_initial_codes.csv\""}]"", ""source"": ""6_R24FG_HF_Group_Mayo_initial_codes.csv, 1_R24FG_BF_Group_UF_initial_codes.csv, 12_R24FG_HM_Individual_GNV_initial_codes.csv""}]","2_R24FG_BF_Individual_GNV_initial_codes.csv, 5_R24FG_HM_Group_GNV_initial_codes.csv, 10_R24FG_HM_Individual_GNV_initial_codes.csv, 4_R24FG_CF_Group_Villages_initial_codes.csv, 6_R24FG_HF_Group_Mayo_initial_codes.csv, 1_R24FG_BF_Group_UF_initial_codes.csv, 12_R24FG_HM_Individual_GNV_initial_codes.csv"
Understanding Medical History,The goal of gaining insights into personal medical history and its implications for health.,,"[""Understanding Medical History""]","[{""text"": ""[{\""text\"": \""I got all this information on my D-N-A that was so fascinating.\"", \""source\"": \""9_R24FG_WF_Individual_GNV_initial_codes.csv\""}]"", ""source"": ""9_R24FG_WF_Individual_GNV_initial_codes.csv""}]",9_R24FG_WF_Individual_GNV_initial_codes.csv
Understanding Technology,Users recognize the challenges some individuals face with technology and aim to bridge the gap for those less tech-savvy.,,"[""Understanding Technology""]","[{""text"": ""[{\""text\"": \""I do understand the people who don't have the access, who don't understand the portals or don't use cell phones.\"", \""source\"": \""14_R24FG_WF_Group_GNV_initial_codes.csv\""}]"", ""source"": ""14_R24FG_WF_Group_GNV_initial_codes.csv""}]",14_R24FG_WF_Group_GNV_initial_codes.csv
Understanding Vaccine Concerns,"Users express concerns about vaccines and their side effects, influencing their decisions on participation in trials.",,"[""Understanding Vaccine Concerns""]","[{""text"": ""[{\""text\"": \""I may not be here if I'd had three.\"", \""source\"": \""4_R24FG_CF_Group_Villages_initial_codes.csv\""}]"", ""source"": ""4_R24FG_CF_Group_Villages_initial_codes.csv""}]",4_R24FG_CF_Group_Villages_initial_codes.csv
Understanding of Clinical Research,"The interviewee differentiates between clinical trials and clinical research studies, indicating a nuanced understanding of the terms.",,"[""Understanding of Clinical Research""]","[{""text"": ""[{\""text\"": \""I guess more of a study, you know, then a actual trial itself, I would think.\"", \""source\"": \""14_R24FG_WF_Group_GNV_initial_codes.csv\""}]"", ""source"": ""14_R24FG_WF_Group_GNV_initial_codes.csv""}]",14_R24FG_WF_Group_GNV_initial_codes.csv
Usability of Health Portals,The participant expresses the need for improvements in the usability of health management portals.,,"[""Usability of Health Portals""]","[{""text"": ""[{\""text\"": \""I really think that needs a lot of improvement.\"", \""source\"": \""12_R24FG_HM_Individual_GNV_initial_codes.csv\""}]"", ""source"": ""12_R24FG_HM_Individual_GNV_initial_codes.csv""}]",12_R24FG_HM_Individual_GNV_initial_codes.csv
User-Friendly Avatars,Users want avatars that appear more human-like and relatable to enhance engagement.,,"[""User-Friendly Avatars""]","[{""text"": ""[{\""text\"": \""I think it\\u2019s much better without the breaking up... it makes it seem a little bit more real.\"", \""source\"": \""3_R24FG_CF_Group_Villages_initial_codes.csv\""}]"", ""source"": ""3_R24FG_CF_Group_Villages_initial_codes.csv""}]",3_R24FG_CF_Group_Villages_initial_codes.csv
User-Friendly Design,Users prefer a design that is intuitive and easy to navigate.,,"[""User-Friendly Design""]","[{""text"": ""[{\""text\"": \""Give me like a bullet point.\"", \""source\"": \""17_R24FG_WM_Group_Villages_initial_codes.csv\""}]"", ""source"": ""17_R24FG_WM_Group_Villages_initial_codes.csv""}]",17_R24FG_WM_Group_Villages_initial_codes.csv
User-Friendly Interface,Users desire a more intuitive and user-friendly interface for navigating research studies.,,"[""User-Friendly Interface"", ""User-Friendly Interface""]","[{""text"": ""[{\""text\"": \""I think I\\u2019d be inclined to want to... have something that says, 'Well, I'm interested in this.'\"", \""source\"": \""17_R24FG_WM_Group_Villages_initial_codes.csv\""}]"", ""source"": ""17_R24FG_WM_Group_Villages_initial_codes.csv""}, {""text"": ""[{\""text\"": \""He's easy to listen to. He\\u2019s calm, he comes across that he cares.\"", \""source\"": \""14_R24FG_WF_Group_GNV_initial_codes.csv\""}]"", ""source"": ""14_R24FG_WF_Group_GNV_initial_codes.csv""}]","14_R24FG_WF_Group_GNV_initial_codes.csv, 17_R24FG_WM_Group_Villages_initial_codes.csv"
User-Friendly Technology,Participants expect technology used in research to be user-friendly and intuitive.,,"[""User-Friendly Technology""]","[{""text"": ""[{\""text\"": \""I think if you\\u2019re dressed appropriately for whatever... these people all look like they\\u2019re professionals.\"", \""source\"": \""17_R24FG_WM_Group_Villages_initial_codes.csv\""}]"", ""source"": ""17_R24FG_WM_Group_Villages_initial_codes.csv""}]",17_R24FG_WM_Group_Villages_initial_codes.csv
Value of Credible Sources,The goal is to prioritize information from credible institutions to enhance trustworthiness.,,"[""Value of Credible Sources""]","[{""text"": ""[{\""text\"": \""He was quoting information that seemed like it came from a reliable source.\"", \""source\"": \""2_R24FG_BF_Individual_GNV_initial_codes.csv\""}]"", ""source"": ""2_R24FG_BF_Individual_GNV_initial_codes.csv""}]",2_R24FG_BF_Individual_GNV_initial_codes.csv
Value of Informational Resources,Participants appreciate resources that provide clear and helpful information about clinical trials.,,"[""Value of Informational Resources""]","[{""text"": ""[{\""text\"": \""The information that he's giving I think is excellent.\"", \""source\"": \""4_R24FG_CF_Group_Villages_initial_codes.csv\""}]"", ""source"": ""4_R24FG_CF_Group_Villages_initial_codes.csv""}]",4_R24FG_CF_Group_Villages_initial_codes.csv
Value of Personal Research,Participants emphasize the importance of conducting personal research to make informed health decisions.,,"[""Value of Personal Research""]","[{""text"": ""[{\""text\"": \""I search and search. I found out that if you are low in vitamin B12, that could help you out.\"", \""source\"": \""6_R24FG_HF_Group_Mayo_initial_codes.csv\""}]"", ""source"": ""6_R24FG_HF_Group_Mayo_initial_codes.csv""}]",6_R24FG_HF_Group_Mayo_initial_codes.csv
Verification of Information,"The goal is to verify health information through multiple sources, including consulting with healthcare providers.",,"[""Verification of Information""]","[{""text"": ""[{\""text\"": \""I read it, and then I look for it somewhere else.\"", \""source\"": \""2_R24FG_BF_Individual_GNV_initial_codes.csv\""}]"", ""source"": ""2_R24FG_BF_Individual_GNV_initial_codes.csv""}]",2_R24FG_BF_Individual_GNV_initial_codes.csv
Visual Appeal of Avatars,Users appreciate visually appealing avatars that enhance their experience.,,"[""Visual Appeal of Avatars""]","[{""text"": ""[{\""text\"": \""I like the background better.\"", \""source\"": \""17_R24FG_WM_Group_Villages_initial_codes.csv\""}]"", ""source"": ""17_R24FG_WM_Group_Villages_initial_codes.csv""}]",17_R24FG_WM_Group_Villages_initial_codes.csv
Visual Appeal of Design,Users appreciate visually appealing designs that are bright and engaging.,,"[""Visual Appeal of Design""]","[{""text"": ""[{\""text\"": \""I do like the lighter blue. You know, I guess you know, I think that stands out more.\"", \""source\"": \""3_R24FG_CF_Group_Villages_initial_codes.csv\""}]"", ""source"": ""3_R24FG_CF_Group_Villages_initial_codes.csv""}]",3_R24FG_CF_Group_Villages_initial_codes.csv
Visual Appeal of Information,Participants prefer visually appealing and engaging formats for receiving information about research.,,"[""Visual Appeal of Information""]","[{""text"": ""[{\""text\"": \""It's not as friendly as the one the lady was talking.\"", \""source\"": \""13_R24FG_HM_Group_FIU_initial_codes.csv\""}]"", ""source"": ""13_R24FG_HM_Group_FIU_initial_codes.csv""}]",13_R24FG_HM_Group_FIU_initial_codes.csv
Visual Engagement,Users want engaging visuals that capture attention and enhance understanding of the content presented.,,"[""Visual Engagement""]","[{""text"": ""[{\""text\"": \""Graphics pull you in. Graphics simplify. They make you want to look, and they show you what you have to look at and what you don't.\"", \""source\"": \""7_R24FG_HF_Group_GNV_initial_codes.csv\""}]"", ""source"": ""7_R24FG_HF_Group_GNV_initial_codes.csv""}]",7_R24FG_HF_Group_GNV_initial_codes.csv
Visual Hierarchy,Users prefer a clear visual hierarchy that guides them through the content effectively.,,"[""Visual Hierarchy""]","[{""text"": ""[{\""text\"": \""I would make the whole thing a big button. People like big buttons.\"", \""source\"": \""7_R24FG_HF_Group_GNV_initial_codes.csv\""}]"", ""source"": ""7_R24FG_HF_Group_GNV_initial_codes.csv""}]",7_R24FG_HF_Group_GNV_initial_codes.csv
Visual Previews for Downloads,Users want visual previews for downloadable content to better understand what they are accessing.,,"[""Visual Previews for Downloads""]","[{""text"": ""[{\""text\"": \""Maybe like a thumbnail of the guide, small, and then has 'download question guide' under it.\"", \""source\"": \""13_R24FG_HM_Group_FIU_initial_codes.csv\""}]"", ""source"": ""13_R24FG_HM_Group_FIU_initial_codes.csv""}]",13_R24FG_HM_Group_FIU_initial_codes.csv
Volunteering for Medical Research,Participants express a desire to volunteer and contribute to medical knowledge through clinical research and trials.,"These codes were merged because they all emphasize the intention to participate in research to advance medical knowledge and help others, highlighting a common theme of altruism in clinical research.","[""Volunteering for Research"", ""Contributing to Medical Knowledge"", ""Contribute to Research"", ""Participate in Research"", ""Participate in Clinical Trials""]","[{""text"": ""[{\""text\"": \""You have to volunteer for a clinical research, in order for them to study a particular illness that you might have.\"", \""source\"": \""13_R24FG_HM_Group_FIU_initial_codes.csv\""}, {\""text\"": \""If I can participate in this study, and somebody learns something to keep somebody else healthier, or living their best life, then so be it.\"", \""source\"": \""9_R24FG_WF_Individual_GNV_initial_codes.csv\""}, {\""text\"": \""Just contribute to furthering, you know, medical knowledge.\"", \""source\"": \""17_R24FG_WM_Group_Villages_initial_codes.csv\""}, {\""text\"": \""Just the ability to help others understand pain and how it works in women and pain signals.\"", \""source\"": \""8_R24FG_HF_Individual_GNV_initial_codes.csv\""}, {\""text\"": \""I think I would do the same thing too, because I don't think you have anything to lose at that stage of life.\"", \""source\"": \""3_R24FG_CF_Group_Villages_initial_codes.csv\""}]"", ""source"": ""13_R24FG_HM_Group_FIU_initial_codes.csv, 9_R24FG_WF_Individual_GNV_initial_codes.csv, 17_R24FG_WM_Group_Villages_initial_codes.csv, 8_R24FG_HF_Individual_GNV_initial_codes.csv, 3_R24FG_CF_Group_Villages_initial_codes.csv""}]","13_R24FG_HM_Group_FIU_initial_codes.csv, 9_R24FG_WF_Individual_GNV_initial_codes.csv, 17_R24FG_WM_Group_Villages_initial_codes.csv, 8_R24FG_HF_Individual_GNV_initial_codes.csv, 3_R24FG_CF_Group_Villages_initial_codes.csv"
Willingness to Recommend Resources,The user is open to recommending Alex as a resource for understanding clinical trials to friends and family.,,"[""Willingness to Recommend Resources"", ""Willingness to Recommend Resources""]","[{""text"": ""[{\""text\"": \""I would be considering to share with my friends.\"", \""source\"": \""5_R24FG_HM_Group_GNV_initial_codes.csv\""}]"", ""source"": ""5_R24FG_HM_Group_GNV_initial_codes.csv""}, {""text"": ""[{\""text\"": \""I\\u2019d be comfortable with it.\"", \""source\"": \""16_R24FG_WF_Individual_GNV_initial_codes.csv\""}]"", ""source"": ""16_R24FG_WF_Individual_GNV_initial_codes.csv""}]","5_R24FG_HM_Group_GNV_initial_codes.csv, 16_R24FG_WF_Individual_GNV_initial_codes.csv"
Willingness to Share and Recommend,Participants express readiness to share health data and recommend clinical trials when informed and confident.,"These codes were merged because they both reflect participants' openness to sharing health-related information and recommending clinical trials, emphasizing trust and confidence in the process.","[""Willingness to Share Health Data"", ""Willingness to Recommend"", ""Comfort in Recommendations""]","[{""text"": ""[{\""text\"": \""If you guys going to be everything, um, and privacy, not, you don\\u2019t share to another.\"", \""source\"": \""5_R24FG_HM_Group_GNV_initial_codes.csv\""}, {\""text\"": \""I\\u2019d be comfortable enough, yes.\"", \""source\"": \""15_R24FG_WF_Individual_GNV_initial_codes.csv\""}, {\""text\"": \""Oh, without a doubt. I would. Yeah, I'd like to see y'all completely fill out.\"", \""source\"": \""14_R24FG_WF_Group_GNV_initial_codes.csv\""}]"", ""source"": ""5_R24FG_HM_Group_GNV_initial_codes.csv, 15_R24FG_WF_Individual_GNV_initial_codes.csv, 14_R24FG_WF_Group_GNV_initial_codes.csv""}]","5_R24FG_HM_Group_GNV_initial_codes.csv, 15_R24FG_WF_Individual_GNV_initial_codes.csv, 14_R24FG_WF_Group_GNV_initial_codes.csv"
